Workbook
Name 次要关键词: OFFSET(首次要关键词!$A$1,MATCH(网址列表!$J1,首次要关键词!$A$2:$A$33,0),3,1,OFFSET(首次要关键词!$A$1,MATCH(网址列表!$J1,首次要关键词!$A$2:$A$33,0),2,1,1))
Name 次要关键词数量: 表_首次要关键词[次要关键词数量]
Name 首要关键词: OFFSET(首次要关键词!$A$1,1,0,COUNTIF(表_首次要关键词[首要关键词],"<>"),1)
Name 首要关键词排序: 表_首次要关键词[排序]
Name 重点关键词: OFFSET(重点关键词!$A$1,MATCH(网址列表!$J2,首要关键词,0)*50-48,MATCH(网址列表!$K2,次要关键词,0),重点关键词数量,1)
Name 重点关键词数量: OFFSET(重点关键词!$A$1,MATCH(网址列表!$J1,首要关键词,0)*50-49,MATCH(网址列表!$K1,次要关键词,0),1,1)

Sheet 网址列表
A1: 序号 | B1: 1级 | C1: 2级 | D1: 3级 | E1: 级内 | F1: 简称 | G1: 网址 | H1: 描述title | I1: 图标地址 | J1: 首要关键词 | K1: 次要关键词 | L1: 重点关键词 | M1: 判断网址 | N1: 判断图片 | O1: 其他标签 | P1: 图标大小 | Q1: 备案/未备案 | R1: 经营性/非经营性
A2: =表_网址[[#This Row],[1级]]&"-"&表_网址[[#This Row],[2级]]&"-"&表_网址[[#This Row],[3级]]&"-"&表_网址[[#This Row],[级内]] -> 101-10-10-101 | B2: =VLOOKUP(表_网址[[#This Row],[首要关键词]],表_首次要关键词[[首要关键词]:[排序]],2,0) -> 101 | C2: =IF(表_网址[[#This Row],[次要关键词]]="",10,MATCH(表_网址[[#This Row],[次要关键词]],次要关键词,0)+10) -> 10 | D2: =IF(表_网址[[#This Row],[重点关键词]]="",10,MATCH(表_网址[[#This Row],[重点关键词]],OFFSET(重点关键词!$A$1,MATCH($J2,首要关键词,0)*50-48,MATCH($K2,次要关键词,0),重点关键词数量,1),0)+10) -> 10 | E2: =IF(AND(表_网址[[#This Row],[1级]]=B1,表_网址[[#This Row],[2级]]=C1,表_网址[[#This Row],[3级]]=D1),E1+1,101) -> 101 | F2: 中国政府网 | G2: http://www.gov.cn/ | H2: 中华人民共和国中央人民政府 | I2: http://www.gov.cn/govweb/xhtml/favicon.ico | J2: 政府 | M2: 999 | N2: 999 | P2: 16
A3: =表_网址[[#This Row],[1级]]&"-"&表_网址[[#This Row],[2级]]&"-"&表_网址[[#This Row],[3级]]&"-"&表_网址[[#This Row],[级内]] -> 101-11-10-101 | B3: =VLOOKUP(表_网址[[#This Row],[首要关键词]],表_首次要关键词[[首要关键词]:[排序]],2,0) -> 101 | C3: =IF(表_网址[[#This Row],[次要关键词]]="",10,MATCH(表_网址[[#This Row],[次要关键词]],次要关键词,0)+10) -> 11 | D3: =IF(表_网址[[#This Row],[重点关键词]]="",10,MATCH(表_网址[[#This Row],[重点关键词]],OFFSET(重点关键词!$A$1,MATCH($J3,首要关键词,0)*50-48,MATCH($K3,次要关键词,0),重点关键词数量,1),0)+10) -> 10 | E3: =IF(AND(表_网址[[#This Row],[1级]]=B2,表_网址[[#This Row],[2级]]=C2,表_网址[[#This Row],[3级]]=D2),E2+1,101) -> 101 | F3: 国务院办公厅 | J3: 政府 | K3: 国务院
A4: =表_网址[[#This Row],[1级]]&"-"&表_网址[[#This Row],[2级]]&"-"&表_网址[[#This Row],[3级]]&"-"&表_网址[[#This Row],[级内]] -> 101-11-11-101 | B4: =VLOOKUP(表_网址[[#This Row],[首要关键词]],表_首次要关键词[[首要关键词]:[排序]],2,0) -> 101 | C4: =IF(表_网址[[#This Row],[次要关键词]]="",10,MATCH(表_网址[[#This Row],[次要关键词]],次要关键词,0)+10) -> 11 | D4: =IF(表_网址[[#This Row],[重点关键词]]="",10,MATCH(表_网址[[#This Row],[重点关键词]],OFFSET(重点关键词!$A$1,MATCH($J4,首要关键词,0)*50-48,MATCH($K4,次要关键词,0),重点关键词数量,1),0)+10) -> 11 | E4: =IF(AND(表_网址[[#This Row],[1级]]=B3,表_网址[[#This Row],[2级]]=C3,表_网址[[#This Row],[3级]]=D3),E3+1,101) -> 101 | F4: 外交部 | G4: https://www.fmprc.gov.cn/web/ | I4: https://www.google.com/s2/favicons?domain=https://www.fmprc.gov.cn/web/ | J4: 政府 | K4: 国务院 | L4: 组成部门 | M4: 999
A5: =表_网址[[#This Row],[1级]]&"-"&表_网址[[#This Row],[2级]]&"-"&表_网址[[#This Row],[3级]]&"-"&表_网址[[#This Row],[级内]] -> 101-11-11-102 | B5: =VLOOKUP(表_网址[[#This Row],[首要关键词]],表_首次要关键词[[首要关键词]:[排序]],2,0) -> 101 | C5: =IF(表_网址[[#This Row],[次要关键词]]="",10,MATCH(表_网址[[#This Row],[次要关键词]],次要关键词,0)+10) -> 11 | D5: =IF(表_网址[[#This Row],[重点关键词]]="",10,MATCH(表_网址[[#This Row],[重点关键词]],OFFSET(重点关键词!$A$1,MATCH($J5,首要关键词,0)*50-48,MATCH($K5,次要关键词,0),重点关键词数量,1),0)+10) -> 11 | E5: =IF(AND(表_网址[[#This Row],[1级]]=B4,表_网址[[#This Row],[2级]]=C4,表_网址[[#This Row],[3级]]=D4),E4+1,101) -> 102 | F5: 国防部 | G5: http://www.mod.gov.cn/ | I5: http://www.mod.gov.cn/favicon.ico | J5: 政府 | K5: 国务院 | L5: 组成部门 | M5: 999 | P5: 256
A6: =表_网址[[#This Row],[1级]]&"-"&表_网址[[#This Row],[2级]]&"-"&表_网址[[#This Row],[3级]]&"-"&表_网址[[#This Row],[级内]] -> 101-11-11-103 | B6: =VLOOKUP(表_网址[[#This Row],[首要关键词]],表_首次要关键词[[首要关键词]:[排序]],2,0) -> 101 | C6: =IF(表_网址[[#This Row],[次要关键词]]="",10,MATCH(表_网址[[#This Row],[次要关键词]],次要关键词,0)+10) -> 11 | D6: =IF(表_网址[[#This Row],[重点关键词]]="",10,MATCH(表_网址[[#This Row],[重点关键词]],OFFSET(重点关键词!$A$1,MATCH($J6,首要关键词,0)*50-48,MATCH($K6,次要关键词,0),重点关键词数量,1),0)+10) -> 11 | E6: =IF(AND(表_网址[[#This Row],[1级]]=B5,表_网址[[#This Row],[2级]]=C5,表_网址[[#This Row],[3级]]=D5),E5+1,101) -> 103 | F6: 国家发展和改革委员会 | G6: https://www.ndrc.gov.cn/ | I6: https://www.google.com/s2/favicons?domain=https://www.ndrc.gov.cn/ | J6: 政府 | K6: 国务院 | L6: 组成部门 | M6: 999
A7: =表_网址[[#This Row],[1级]]&"-"&表_网址[[#This Row],[2级]]&"-"&表_网址[[#This Row],[3级]]&"-"&表_网址[[#This Row],[级内]] -> 101-11-11-104 | B7: =VLOOKUP(表_网址[[#This Row],[首要关键词]],表_首次要关键词[[首要关键词]:[排序]],2,0) -> 101 | C7: =IF(表_网址[[#This Row],[次要关键词]]="",10,MATCH(表_网址[[#This Row],[次要关键词]],次要关键词,0)+10) -> 11 | D7: =IF(表_网址[[#This Row],[重点关键词]]="",10,MATCH(表_网址[[#This Row],[重点关键词]],OFFSET(重点关键词!$A$1,MATCH($J7,首要关键词,0)*50-48,MATCH($K7,次要关键词,0),重点关键词数量,1),0)+10) -> 11 | E7: =IF(AND(表_网址[[#This Row],[1级]]=B6,表_网址[[#This Row],[2级]]=C6,表_网址[[#This Row],[3级]]=D6),E6+1,101) -> 104 | F7: 教育部 | G7: http://www.moe.gov.cn/ | I7: http://www.moe.gov.cn/favorite.ico | J7: 政府 | K7: 国务院 | L7: 组成部门 | M7: 999 | P7: 16
A8: =表_网址[[#This Row],[1级]]&"-"&表_网址[[#This Row],[2级]]&"-"&表_网址[[#This Row],[3级]]&"-"&表_网址[[#This Row],[级内]] -> 101-11-11-105 | B8: =VLOOKUP(表_网址[[#This Row],[首要关键词]],表_首次要关键词[[首要关键词]:[排序]],2,0) -> 101 | C8: =IF(表_网址[[#This Row],[次要关键词]]="",10,MATCH(表_网址[[#This Row],[次要关键词]],次要关键词,0)+10) -> 11 | D8: =IF(表_网址[[#This Row],[重点关键词]]="",10,MATCH(表_网址[[#This Row],[重点关键词]],OFFSET(重点关键词!$A$1,MATCH($J8,首要关键词,0)*50-48,MATCH($K8,次要关键词,0),重点关键词数量,1),0)+10) -> 11 | E8: =IF(AND(表_网址[[#This Row],[1级]]=B7,表_网址[[#This Row],[2级]]=C7,表_网址[[#This Row],[3级]]=D7),E7+1,101) -> 105 | F8: (国家语言文字工作委员会) | G8: http://www.moe.gov.cn/jyb_sy/China_Language/ | I8: http://www.moe.gov.cn/favorite.ico | J8: 政府 | K8: 国务院 | L8: 组成部门 | M8: 999 | P8: 16
A9: =表_网址[[#This Row],[1级]]&"-"&表_网址[[#This Row],[2级]]&"-"&表_网址[[#This Row],[3级]]&"-"&表_网址[[#This Row],[级内]] -> 101-11-11-106 | B9: =VLOOKUP(表_网址[[#This Row],[首要关键词]],表_首次要关键词[[首要关键词]:[排序]],2,0) -> 101 | C9: =IF(表_网址[[#This Row],[次要关键词]]="",10,MATCH(表_网址[[#This Row],[次要关键词]],次要关键词,0)+10) -> 11 | D9: =IF(表_网址[[#This Row],[重点关键词]]="",10,MATCH(表_网址[[#This Row],[重点关键词]],OFFSET(重点关键词!$A$1,MATCH($J9,首要关键词,0)*50-48,MATCH($K9,次要关键词,0),重点关键词数量,1),0)+10) -> 11 | E9: =IF(AND(表_网址[[#This Row],[1级]]=B8,表_网址[[#This Row],[2级]]=C8,表_网址[[#This Row],[3级]]=D8),E8+1,101) -> 106 | F9: 科学技术部 | G9: http://www.most.gov.cn/ | I9: http://www.most.gov.cn/favicon.ico | J9: 政府 | K9: 国务院 | L9: 组成部门 | M9: 999 | P9: 16
A10: =表_网址[[#This Row],[1级]]&"-"&表_网址[[#This Row],[2级]]&"-"&表_网址[[#This Row],[3级]]&"-"&表_网址[[#This Row],[级内]] -> 101-11-11-107 | B10: =VLOOKUP(表_网址[[#This Row],[首要关键词]],表_首次要关键词[[首要关键词]:[排序]],2,0) -> 101 | C10: =IF(表_网址[[#This Row],[次要关键词]]="",10,MATCH(表_网址[[#This Row],[次要关键词]],次要关键词,0)+10) -> 11 | D10: =IF(表_网址[[#This Row],[重点关键词]]="",10,MATCH(表_网址[[#This Row],[重点关键词]],OFFSET(重点关键词!$A$1,MATCH($J10,首要关键词,0)*50-48,MATCH($K10,次要关键词,0),重点关键词数量,1),0)+10) -> 11 | E10: =IF(AND(表_网址[[#This Row],[1级]]=B9,表_网址[[#This Row],[2级]]=C9,表_网址[[#This Row],[3级]]=D9),E9+1,101) -> 107 | F10: 工业和信息化部 | G10: https://www.miit.gov.cn/ | I10: https://www.miit.gov.cn/favicon.ico | J10: 政府 | K10: 国务院 | L10: 组成部门 | M10: 999 | N10: 999 | P10: 32
A11: =表_网址[[#This Row],[1级]]&"-"&表_网址[[#This Row],[2级]]&"-"&表_网址[[#This Row],[3级]]&"-"&表_网址[[#This Row],[级内]] -> 101-11-11-108 | B11: =VLOOKUP(表_网址[[#This Row],[首要关键词]],表_首次要关键词[[首要关键词]:[排序]],2,0) -> 101 | C11: =IF(表_网址[[#This Row],[次要关键词]]="",10,MATCH(表_网址[[#This Row],[次要关键词]],次要关键词,0)+10) -> 11 | D11: =IF(表_网址[[#This Row],[重点关键词]]="",10,MATCH(表_网址[[#This Row],[重点关键词]],OFFSET(重点关键词!$A$1,MATCH($J11,首要关键词,0)*50-48,MATCH($K11,次要关键词,0),重点关键词数量,1),0)+10) -> 11 | E11: =IF(AND(表_网址[[#This Row],[1级]]=B10,表_网址[[#This Row],[2级]]=C10,表_网址[[#This Row],[3级]]=D10),E10+1,101) -> 108 | F11: (国家航天局) | G11: http://www.cnsa.gov.cn/ | I11: https://www.google.com/s2/favicons?domain=http://www.cnsa.gov.cn/ | J11: 政府 | K11: 国务院 | L11: 组成部门 | M11: 999
A12: =表_网址[[#This Row],[1级]]&"-"&表_网址[[#This Row],[2级]]&"-"&表_网址[[#This Row],[3级]]&"-"&表_网址[[#This Row],[级内]] -> 101-11-11-109 | B12: =VLOOKUP(表_网址[[#This Row],[首要关键词]],表_首次要关键词[[首要关键词]:[排序]],2,0) -> 101 | C12: =IF(表_网址[[#This Row],[次要关键词]]="",10,MATCH(表_网址[[#This Row],[次要关键词]],次要关键词,0)+10) -> 11 | D12: =IF(表_网址[[#This Row],[重点关键词]]="",10,MATCH(表_网址[[#This Row],[重点关键词]],OFFSET(重点关键词!$A$1,MATCH($J12,首要关键词,0)*50-48,MATCH($K12,次要关键词,0),重点关键词数量,1),0)+10) -> 11 | E12: =IF(AND(表_网址[[#This Row],[1级]]=B11,表_网址[[#This Row],[2级]]=C11,表_网址[[#This Row],[3级]]=D11),E11+1,101) -> 109 | F12: (国家原子能机构) | G12: http://www.caea.gov.cn/ | I12: https://www.google.com/s2/favicons?domain=http://www.caea.gov.cn/ | J12: 政府 | K12: 国务院 | L12: 组成部门 | M12: 999
A13: =表_网址[[#This Row],[1级]]&"-"&表_网址[[#This Row],[2级]]&"-"&表_网址[[#This Row],[3级]]&"-"&表_网址[[#This Row],[级内]] -> 101-11-11-110 | B13: =VLOOKUP(表_网址[[#This Row],[首要关键词]],表_首次要关键词[[首要关键词]:[排序]],2,0) -> 101 | C13: =IF(表_网址[[#This Row],[次要关键词]]="",10,MATCH(表_网址[[#This Row],[次要关键词]],次要关键词,0)+10) -> 11 | D13: =IF(表_网址[[#This Row],[重点关键词]]="",10,MATCH(表_网址[[#This Row],[重点关键词]],OFFSET(重点关键词!$A$1,MATCH($J13,首要关键词,0)*50-48,MATCH($K13,次要关键词,0),重点关键词数量,1),0)+10) -> 11 | E13: =IF(AND(表_网址[[#This Row],[1级]]=B12,表_网址[[#This Row],[2级]]=C12,表_网址[[#This Row],[3级]]=D12),E12+1,101) -> 110 | F13: 国家民族事务委员会 | G13: http://www.neac.gov.cn/ | I13: http://www.neac.gov.cn/favicon.ico | J13: 政府 | K13: 国务院 | L13: 组成部门 | M13: 999 | N13: 999 | P13: 32
A14: =表_网址[[#This Row],[1级]]&"-"&表_网址[[#This Row],[2级]]&"-"&表_网址[[#This Row],[3级]]&"-"&表_网址[[#This Row],[级内]] -> 101-11-11-111 | B14: =VLOOKUP(表_网址[[#This Row],[首要关键词]],表_首次要关键词[[首要关键词]:[排序]],2,0) -> 101 | C14: =IF(表_网址[[#This Row],[次要关键词]]="",10,MATCH(表_网址[[#This Row],[次要关键词]],次要关键词,0)+10) -> 11 | D14: =IF(表_网址[[#This Row],[重点关键词]]="",10,MATCH(表_网址[[#This Row],[重点关键词]],OFFSET(重点关键词!$A$1,MATCH($J14,首要关键词,0)*50-48,MATCH($K14,次要关键词,0),重点关键词数量,1),0)+10) -> 11 | E14: =IF(AND(表_网址[[#This Row],[1级]]=B13,表_网址[[#This Row],[2级]]=C13,表_网址[[#This Row],[3级]]=D13),E13+1,101) -> 111 | F14: 公安部 | G14: https://www.mps.gov.cn/ | I14: https://www.mps.gov.cn/favicon.ico | J14: 政府 | K14: 国务院 | L14: 组成部门 | M14: 999 | N14: 999 | P14: 16
A15: =表_网址[[#This Row],[1级]]&"-"&表_网址[[#This Row],[2级]]&"-"&表_网址[[#This Row],[3级]]&"-"&表_网址[[#This Row],[级内]] -> 101-11-11-112 | B15: =VLOOKUP(表_网址[[#This Row],[首要关键词]],表_首次要关键词[[首要关键词]:[排序]],2,0) -> 101 | C15: =IF(表_网址[[#This Row],[次要关键词]]="",10,MATCH(表_网址[[#This Row],[次要关键词]],次要关键词,0)+10) -> 11 | D15: =IF(表_网址[[#This Row],[重点关键词]]="",10,MATCH(表_网址[[#This Row],[重点关键词]],OFFSET(重点关键词!$A$1,MATCH($J15,首要关键词,0)*50-48,MATCH($K15,次要关键词,0),重点关键词数量,1),0)+10) -> 11 | E15: =IF(AND(表_网址[[#This Row],[1级]]=B14,表_网址[[#This Row],[2级]]=C14,表_网址[[#This Row],[3级]]=D14),E14+1,101) -> 112 | F15: 国家安全部 | J15: 政府 | K15: 国务院 | L15: 组成部门
A16: =表_网址[[#This Row],[1级]]&"-"&表_网址[[#This Row],[2级]]&"-"&表_网址[[#This Row],[3级]]&"-"&表_网址[[#This Row],[级内]] -> 101-11-11-113 | B16: =VLOOKUP(表_网址[[#This Row],[首要关键词]],表_首次要关键词[[首要关键词]:[排序]],2,0) -> 101 | C16: =IF(表_网址[[#This Row],[次要关键词]]="",10,MATCH(表_网址[[#This Row],[次要关键词]],次要关键词,0)+10) -> 11 | D16: =IF(表_网址[[#This Row],[重点关键词]]="",10,MATCH(表_网址[[#This Row],[重点关键词]],OFFSET(重点关键词!$A$1,MATCH($J16,首要关键词,0)*50-48,MATCH($K16,次要关键词,0),重点关键词数量,1),0)+10) -> 11 | E16: =IF(AND(表_网址[[#This Row],[1级]]=B15,表_网址[[#This Row],[2级]]=C15,表_网址[[#This Row],[3级]]=D15),E15+1,101) -> 113 | F16: 民政部 | G16: http://www.mca.gov.cn/ | I16: http://www.mca.gov.cn/favicon.ico | J16: 政府 | K16: 国务院 | L16: 组成部门 | M16: 999 | P16: 16
A17: =表_网址[[#This Row],[1级]]&"-"&表_网址[[#This Row],[2级]]&"-"&表_网址[[#This Row],[3级]]&"-"&表_网址[[#This Row],[级内]] -> 101-11-11-114 | B17: =VLOOKUP(表_网址[[#This Row],[首要关键词]],表_首次要关键词[[首要关键词]:[排序]],2,0) -> 101 | C17: =IF(表_网址[[#This Row],[次要关键词]]="",10,MATCH(表_网址[[#This Row],[次要关键词]],次要关键词,0)+10) -> 11 | D17: =IF(表_网址[[#This Row],[重点关键词]]="",10,MATCH(表_网址[[#This Row],[重点关键词]],OFFSET(重点关键词!$A$1,MATCH($J17,首要关键词,0)*50-48,MATCH($K17,次要关键词,0),重点关键词数量,1),0)+10) -> 11 | E17: =IF(AND(表_网址[[#This Row],[1级]]=B16,表_网址[[#This Row],[2级]]=C16,表_网址[[#This Row],[3级]]=D16),E16+1,101) -> 114 | F17: 司法部 | G17: http://www.moj.gov.cn/ | I17: http://www.legaldaily.com.cn/tongyong/images/2019sfb/2019favicon.ico | J17: 政府 | K17: 国务院 | L17: 组成部门 | M17: 999 | P17: 16
A18: =表_网址[[#This Row],[1级]]&"-"&表_网址[[#This Row],[2级]]&"-"&表_网址[[#This Row],[3级]]&"-"&表_网址[[#This Row],[级内]] -> 101-11-11-115 | B18: =VLOOKUP(表_网址[[#This Row],[首要关键词]],表_首次要关键词[[首要关键词]:[排序]],2,0) -> 101 | C18: =IF(表_网址[[#This Row],[次要关键词]]="",10,MATCH(表_网址[[#This Row],[次要关键词]],次要关键词,0)+10) -> 11 | D18: =IF(表_网址[[#This Row],[重点关键词]]="",10,MATCH(表_网址[[#This Row],[重点关键词]],OFFSET(重点关键词!$A$1,MATCH($J18,首要关键词,0)*50-48,MATCH($K18,次要关键词,0),重点关键词数量,1),0)+10) -> 11 | E18: =IF(AND(表_网址[[#This Row],[1级]]=B17,表_网址[[#This Row],[2级]]=C17,表_网址[[#This Row],[3级]]=D17),E17+1,101) -> 115 | F18: 财政部 | G18: http://www.mof.gov.cn/index.htm | I18: http://www.mof.gov.cn/images/favicon.ico | J18: 政府 | K18: 国务院 | L18: 组成部门 | M18: 999 | P18: 16
A19: =表_网址[[#This Row],[1级]]&"-"&表_网址[[#This Row],[2级]]&"-"&表_网址[[#This Row],[3级]]&"-"&表_网址[[#This Row],[级内]] -> 101-11-11-116 | B19: =VLOOKUP(表_网址[[#This Row],[首要关键词]],表_首次要关键词[[首要关键词]:[排序]],2,0) -> 101 | C19: =IF(表_网址[[#This Row],[次要关键词]]="",10,MATCH(表_网址[[#This Row],[次要关键词]],次要关键词,0)+10) -> 11 | D19: =IF(表_网址[[#This Row],[重点关键词]]="",10,MATCH(表_网址[[#This Row],[重点关键词]],OFFSET(重点关键词!$A$1,MATCH($J19,首要关键词,0)*50-48,MATCH($K19,次要关键词,0),重点关键词数量,1),0)+10) -> 11 | E19: =IF(AND(表_网址[[#This Row],[1级]]=B18,表_网址[[#This Row],[2级]]=C18,表_网址[[#This Row],[3级]]=D18),E18+1,101) -> 116 | F19: 人力资源和社会保障部 | G19: http://www.mohrss.gov.cn/ | I19: https://www.google.com/s2/favicons?domain=http://www.mohrss.gov.cn/ | J19: 政府 | K19: 国务院 | L19: 组成部门 | M19: 999
A20: =表_网址[[#This Row],[1级]]&"-"&表_网址[[#This Row],[2级]]&"-"&表_网址[[#This Row],[3级]]&"-"&表_网址[[#This Row],[级内]] -> 101-11-11-117 | B20: =VLOOKUP(表_网址[[#This Row],[首要关键词]],表_首次要关键词[[首要关键词]:[排序]],2,0) -> 101 | C20: =IF(表_网址[[#This Row],[次要关键词]]="",10,MATCH(表_网址[[#This Row],[次要关键词]],次要关键词,0)+10) -> 11 | D20: =IF(表_网址[[#This Row],[重点关键词]]="",10,MATCH(表_网址[[#This Row],[重点关键词]],OFFSET(重点关键词!$A$1,MATCH($J20,首要关键词,0)*50-48,MATCH($K20,次要关键词,0),重点关键词数量,1),0)+10) -> 11 | E20: =IF(AND(表_网址[[#This Row],[1级]]=B19,表_网址[[#This Row],[2级]]=C19,表_网址[[#This Row],[3级]]=D19),E19+1,101) -> 117 | F20: 自然资源部 | G20: http://www.mnr.gov.cn/ | J20: 政府 | K20: 国务院 | L20: 组成部门
A21: =表_网址[[#This Row],[1级]]&"-"&表_网址[[#This Row],[2级]]&"-"&表_网址[[#This Row],[3级]]&"-"&表_网址[[#This Row],[级内]] -> 101-11-11-118 | B21: =VLOOKUP(表_网址[[#This Row],[首要关键词]],表_首次要关键词[[首要关键词]:[排序]],2,0) -> 101 | C21: =IF(表_网址[[#This Row],[次要关键词]]="",10,MATCH(表_网址[[#This Row],[次要关键词]],次要关键词,0)+10) -> 11 | D21: =IF(表_网址[[#This Row],[重点关键词]]="",10,MATCH(表_网址[[#This Row],[重点关键词]],OFFSET(重点关键词!$A$1,MATCH($J21,首要关键词,0)*50-48,MATCH($K21,次要关键词,0),重点关键词数量,1),0)+10) -> 11 | E21: =IF(AND(表_网址[[#This Row],[1级]]=B20,表_网址[[#This Row],[2级]]=C20,表_网址[[#This Row],[3级]]=D20),E20+1,101) -> 118 | F21: 生态环境部 | G21: http://www.mee.gov.cn/ | I21: http://www.mee.gov.cn/favicon.ico | J21: 政府 | K21: 国务院 | L21: 组成部门 | M21: 999 | N21: 999 | P21: 16
A22: =表_网址[[#This Row],[1级]]&"-"&表_网址[[#This Row],[2级]]&"-"&表_网址[[#This Row],[3级]]&"-"&表_网址[[#This Row],[级内]] -> 101-11-11-119 | B22: =VLOOKUP(表_网址[[#This Row],[首要关键词]],表_首次要关键词[[首要关键词]:[排序]],2,0) -> 101 | C22: =IF(表_网址[[#This Row],[次要关键词]]="",10,MATCH(表_网址[[#This Row],[次要关键词]],次要关键词,0)+10) -> 11 | D22: =IF(表_网址[[#This Row],[重点关键词]]="",10,MATCH(表_网址[[#This Row],[重点关键词]],OFFSET(重点关键词!$A$1,MATCH($J22,首要关键词,0)*50-48,MATCH($K22,次要关键词,0),重点关键词数量,1),0)+10) -> 11 | E22: =IF(AND(表_网址[[#This Row],[1级]]=B21,表_网址[[#This Row],[2级]]=C21,表_网址[[#This Row],[3级]]=D21),E21+1,101) -> 119 | F22: (国家核安全局) | G22: http://nnsa.mee.gov.cn/ | I22: http://nnsa.mee.gov.cn/favicon.ico | J22: 政府 | K22: 国务院 | L22: 组成部门 | M22: 999 | N22: 999 | P22: 16
A23: =表_网址[[#This Row],[1级]]&"-"&表_网址[[#This Row],[2级]]&"-"&表_网址[[#This Row],[3级]]&"-"&表_网址[[#This Row],[级内]] -> 101-11-11-120 | B23: =VLOOKUP(表_网址[[#This Row],[首要关键词]],表_首次要关键词[[首要关键词]:[排序]],2,0) -> 101 | C23: =IF(表_网址[[#This Row],[次要关键词]]="",10,MATCH(表_网址[[#This Row],[次要关键词]],次要关键词,0)+10) -> 11 | D23: =IF(表_网址[[#This Row],[重点关键词]]="",10,MATCH(表_网址[[#This Row],[重点关键词]],OFFSET(重点关键词!$A$1,MATCH($J23,首要关键词,0)*50-48,MATCH($K23,次要关键词,0),重点关键词数量,1),0)+10) -> 11 | E23: =IF(AND(表_网址[[#This Row],[1级]]=B22,表_网址[[#This Row],[2级]]=C22,表_网址[[#This Row],[3级]]=D22),E22+1,101) -> 120 | F23: 住房和城乡建设部 | G23: http://www.mohurd.gov.cn/ | I23: https://www.google.com/s2/favicons?domain=http://www.mohurd.gov.cn/ | J23: 政府 | K23: 国务院 | L23: 组成部门 | M23: 999
A24: =表_网址[[#This Row],[1级]]&"-"&表_网址[[#This Row],[2级]]&"-"&表_网址[[#This Row],[3级]]&"-"&表_网址[[#This Row],[级内]] -> 101-11-11-121 | B24: =VLOOKUP(表_网址[[#This Row],[首要关键词]],表_首次要关键词[[首要关键词]:[排序]],2,0) -> 101 | C24: =IF(表_网址[[#This Row],[次要关键词]]="",10,MATCH(表_网址[[#This Row],[次要关键词]],次要关键词,0)+10) -> 11 | D24: =IF(表_网址[[#This Row],[重点关键词]]="",10,MATCH(表_网址[[#This Row],[重点关键词]],OFFSET(重点关键词!$A$1,MATCH($J24,首要关键词,0)*50-48,MATCH($K24,次要关键词,0),重点关键词数量,1),0)+10) -> 11 | E24: =IF(AND(表_网址[[#This Row],[1级]]=B23,表_网址[[#This Row],[2级]]=C23,表_网址[[#This Row],[3级]]=D23),E23+1,101) -> 121 | F24: 交通运输部 | G24: http://www.mot.gov.cn/ | I24: https://www.google.com/s2/favicons?domain=http://www.mot.gov.cn/ | J24: 政府 | K24: 国务院 | L24: 组成部门 | M24: 999
A25: =表_网址[[#This Row],[1级]]&"-"&表_网址[[#This Row],[2级]]&"-"&表_网址[[#This Row],[3级]]&"-"&表_网址[[#This Row],[级内]] -> 101-11-11-122 | B25: =VLOOKUP(表_网址[[#This Row],[首要关键词]],表_首次要关键词[[首要关键词]:[排序]],2,0) -> 101 | C25: =IF(表_网址[[#This Row],[次要关键词]]="",10,MATCH(表_网址[[#This Row],[次要关键词]],次要关键词,0)+10) -> 11 | D25: =IF(表_网址[[#This Row],[重点关键词]]="",10,MATCH(表_网址[[#This Row],[重点关键词]],OFFSET(重点关键词!$A$1,MATCH($J25,首要关键词,0)*50-48,MATCH($K25,次要关键词,0),重点关键词数量,1),0)+10) -> 11 | E25: =IF(AND(表_网址[[#This Row],[1级]]=B24,表_网址[[#This Row],[2级]]=C24,表_网址[[#This Row],[3级]]=D24),E24+1,101) -> 122 | F25: 水利部 | G25: http://www.mwr.gov.cn/ | I25: http://www.mwr.gov.cn/favicon.ico | J25: 政府 | K25: 国务院 | L25: 组成部门 | M25: 999 | P25: 16
A26: =表_网址[[#This Row],[1级]]&"-"&表_网址[[#This Row],[2级]]&"-"&表_网址[[#This Row],[3级]]&"-"&表_网址[[#This Row],[级内]] -> 101-11-11-123 | B26: =VLOOKUP(表_网址[[#This Row],[首要关键词]],表_首次要关键词[[首要关键词]:[排序]],2,0) -> 101 | C26: =IF(表_网址[[#This Row],[次要关键词]]="",10,MATCH(表_网址[[#This Row],[次要关键词]],次要关键词,0)+10) -> 11 | D26: =IF(表_网址[[#This Row],[重点关键词]]="",10,MATCH(表_网址[[#This Row],[重点关键词]],OFFSET(重点关键词!$A$1,MATCH($J26,首要关键词,0)*50-48,MATCH($K26,次要关键词,0),重点关键词数量,1),0)+10) -> 11 | E26: =IF(AND(表_网址[[#This Row],[1级]]=B25,表_网址[[#This Row],[2级]]=C25,表_网址[[#This Row],[3级]]=D25),E25+1,101) -> 123 | F26: 农业农村部 | G26: http://www.moa.gov.cn/ | I26: http://www.moa.gov.cn/favicon.ico | J26: 政府 | K26: 国务院 | L26: 组成部门 | M26: 999 | P26: 16
A27: =表_网址[[#This Row],[1级]]&"-"&表_网址[[#This Row],[2级]]&"-"&表_网址[[#This Row],[3级]]&"-"&表_网址[[#This Row],[级内]] -> 101-11-11-124 | B27: =VLOOKUP(表_网址[[#This Row],[首要关键词]],表_首次要关键词[[首要关键词]:[排序]],2,0) -> 101 | C27: =IF(表_网址[[#This Row],[次要关键词]]="",10,MATCH(表_网址[[#This Row],[次要关键词]],次要关键词,0)+10) -> 11 | D27: =IF(表_网址[[#This Row],[重点关键词]]="",10,MATCH(表_网址[[#This Row],[重点关键词]],OFFSET(重点关键词!$A$1,MATCH($J27,首要关键词,0)*50-48,MATCH($K27,次要关键词,0),重点关键词数量,1),0)+10) -> 11 | E27: =IF(AND(表_网址[[#This Row],[1级]]=B26,表_网址[[#This Row],[2级]]=C26,表_网址[[#This Row],[3级]]=D26),E26+1,101) -> 124 | F27: 商务部 | G27: http://www.mofcom.gov.cn/ | I27: http://www.mofcom.gov.cn/assets/i/favicon_bak.png | J27: 政府 | K27: 国务院 | L27: 组成部门 | M27: 999 | P27: 32
A28: =表_网址[[#This Row],[1级]]&"-"&表_网址[[#This Row],[2级]]&"-"&表_网址[[#This Row],[3级]]&"-"&表_网址[[#This Row],[级内]] -> 101-11-11-125 | B28: =VLOOKUP(表_网址[[#This Row],[首要关键词]],表_首次要关键词[[首要关键词]:[排序]],2,0) -> 101 | C28: =IF(表_网址[[#This Row],[次要关键词]]="",10,MATCH(表_网址[[#This Row],[次要关键词]],次要关键词,0)+10) -> 11 | D28: =IF(表_网址[[#This Row],[重点关键词]]="",10,MATCH(表_网址[[#This Row],[重点关键词]],OFFSET(重点关键词!$A$1,MATCH($J28,首要关键词,0)*50-48,MATCH($K28,次要关键词,0),重点关键词数量,1),0)+10) -> 11 | E28: =IF(AND(表_网址[[#This Row],[1级]]=B27,表_网址[[#This Row],[2级]]=C27,表_网址[[#This Row],[3级]]=D27),E27+1,101) -> 125 | F28: 文化和旅游部 | G28: https://www.mct.gov.cn/ | I28: https://www.mct.gov.cn/favicon.ico | J28: 政府 | K28: 国务院 | L28: 组成部门 | M28: 999 | N28: 999 | P28: 32
A29: =表_网址[[#This Row],[1级]]&"-"&表_网址[[#This Row],[2级]]&"-"&表_网址[[#This Row],[3级]]&"-"&表_网址[[#This Row],[级内]] -> 101-11-11-126 | B29: =VLOOKUP(表_网址[[#This Row],[首要关键词]],表_首次要关键词[[首要关键词]:[排序]],2,0) -> 101 | C29: =IF(表_网址[[#This Row],[次要关键词]]="",10,MATCH(表_网址[[#This Row],[次要关键词]],次要关键词,0)+10) -> 11 | D29: =IF(表_网址[[#This Row],[重点关键词]]="",10,MATCH(表_网址[[#This Row],[重点关键词]],OFFSET(重点关键词!$A$1,MATCH($J29,首要关键词,0)*50-48,MATCH($K29,次要关键词,0),重点关键词数量,1),0)+10) -> 11 | E29: =IF(AND(表_网址[[#This Row],[1级]]=B28,表_网址[[#This Row],[2级]]=C28,表_网址[[#This Row],[3级]]=D28),E28+1,101) -> 126 | F29: 国家卫生健康委员会 | G29: http://www.nhc.gov.cn/ | I29: https://www.google.com/s2/favicons?domain=http://www.nhc.gov.cn/ | J29: 政府 | K29: 国务院 | L29: 组成部门 | M29: 999
A30: =表_网址[[#This Row],[1级]]&"-"&表_网址[[#This Row],[2级]]&"-"&表_网址[[#This Row],[3级]]&"-"&表_网址[[#This Row],[级内]] -> 101-11-11-127 | B30: =VLOOKUP(表_网址[[#This Row],[首要关键词]],表_首次要关键词[[首要关键词]:[排序]],2,0) -> 101 | C30: =IF(表_网址[[#This Row],[次要关键词]]="",10,MATCH(表_网址[[#This Row],[次要关键词]],次要关键词,0)+10) -> 11 | D30: =IF(表_网址[[#This Row],[重点关键词]]="",10,MATCH(表_网址[[#This Row],[重点关键词]],OFFSET(重点关键词!$A$1,MATCH($J30,首要关键词,0)*50-48,MATCH($K30,次要关键词,0),重点关键词数量,1),0)+10) -> 11 | E30: =IF(AND(表_网址[[#This Row],[1级]]=B29,表_网址[[#This Row],[2级]]=C29,表_网址[[#This Row],[3级]]=D29),E29+1,101) -> 127 | F30: 退役军人事务部 | G30: https://www.mct.gov.cn/ | I30: http://www.mva.gov.cn/favicon.ico | J30: 政府 | K30: 国务院 | L30: 组成部门 | M30: 999 | P30: 16
A31: =表_网址[[#This Row],[1级]]&"-"&表_网址[[#This Row],[2级]]&"-"&表_网址[[#This Row],[3级]]&"-"&表_网址[[#This Row],[级内]] -> 101-11-11-128 | B31: =VLOOKUP(表_网址[[#This Row],[首要关键词]],表_首次要关键词[[首要关键词]:[排序]],2,0) -> 101 | C31: =IF(表_网址[[#This Row],[次要关键词]]="",10,MATCH(表_网址[[#This Row],[次要关键词]],次要关键词,0)+10) -> 11 | D31: =IF(表_网址[[#This Row],[重点关键词]]="",10,MATCH(表_网址[[#This Row],[重点关键词]],OFFSET(重点关键词!$A$1,MATCH($J31,首要关键词,0)*50-48,MATCH($K31,次要关键词,0),重点关键词数量,1),0)+10) -> 11 | E31: =IF(AND(表_网址[[#This Row],[1级]]=B30,表_网址[[#This Row],[2级]]=C30,表_网址[[#This Row],[3级]]=D30),E30+1,101) -> 128 | F31: 应急管理部 | G31: http://www.mem.gov.cn/ | I31: http://www.mem.gov.cn/image/favicon.ico | J31: 政府 | K31: 国务院 | L31: 组成部门 | M31: 999 | N31: 999 | P31: 64
A32: =表_网址[[#This Row],[1级]]&"-"&表_网址[[#This Row],[2级]]&"-"&表_网址[[#This Row],[3级]]&"-"&表_网址[[#This Row],[级内]] -> 101-11-11-129 | B32: =VLOOKUP(表_网址[[#This Row],[首要关键词]],表_首次要关键词[[首要关键词]:[排序]],2,0) -> 101 | C32: =IF(表_网址[[#This Row],[次要关键词]]="",10,MATCH(表_网址[[#This Row],[次要关键词]],次要关键词,0)+10) -> 11 | D32: =IF(表_网址[[#This Row],[重点关键词]]="",10,MATCH(表_网址[[#This Row],[重点关键词]],OFFSET(重点关键词!$A$1,MATCH($J32,首要关键词,0)*50-48,MATCH($K32,次要关键词,0),重点关键词数量,1),0)+10) -> 11 | E32: =IF(AND(表_网址[[#This Row],[1级]]=B31,表_网址[[#This Row],[2级]]=C31,表_网址[[#This Row],[3级]]=D31),E31+1,101) -> 129 | F32: 中国人民银行 | G32: http://www.pbc.gov.cn/ | I32: http://www.pbc.gov.cn/rmyh/uiFramework/commonResource/image/logo.ico | J32: 政府 | K32: 国务院 | L32: 组成部门 | M32: 999 | P32: 16
A33: =表_网址[[#This Row],[1级]]&"-"&表_网址[[#This Row],[2级]]&"-"&表_网址[[#This Row],[3级]]&"-"&表_网址[[#This Row],[级内]] -> 101-11-11-130 | B33: =VLOOKUP(表_网址[[#This Row],[首要关键词]],表_首次要关键词[[首要关键词]:[排序]],2,0) -> 101 | C33: =IF(表_网址[[#This Row],[次要关键词]]="",10,MATCH(表_网址[[#This Row],[次要关键词]],次要关键词,0)+10) -> 11 | D33: =IF(表_网址[[#This Row],[重点关键词]]="",10,MATCH(表_网址[[#This Row],[重点关键词]],OFFSET(重点关键词!$A$1,MATCH($J33,首要关键词,0)*50-48,MATCH($K33,次要关键词,0),重点关键词数量,1),0)+10) -> 11 | E33: =IF(AND(表_网址[[#This Row],[1级]]=B32,表_网址[[#This Row],[2级]]=C32,表_网址[[#This Row],[3级]]=D32),E32+1,101) -> 130 | F33: 审计署 | G33: http://www.audit.gov.cn/ | I33: https://www.google.com/s2/favicons?domain=http://www.audit.gov.cn/ | J33: 政府 | K33: 国务院 | L33: 组成部门 | M33: 999
A34: =表_网址[[#This Row],[1级]]&"-"&表_网址[[#This Row],[2级]]&"-"&表_网址[[#This Row],[3级]]&"-"&表_网址[[#This Row],[级内]] -> 101-11-12-101 | B34: =VLOOKUP(表_网址[[#This Row],[首要关键词]],表_首次要关键词[[首要关键词]:[排序]],2,0) -> 101 | C34: =IF(表_网址[[#This Row],[次要关键词]]="",10,MATCH(表_网址[[#This Row],[次要关键词]],次要关键词,0)+10) -> 11 | D34: =IF(表_网址[[#This Row],[重点关键词]]="",10,MATCH(表_网址[[#This Row],[重点关键词]],OFFSET(重点关键词!$A$1,MATCH($J34,首要关键词,0)*50-48,MATCH($K34,次要关键词,0),重点关键词数量,1),0)+10) -> 12 | E34: =IF(AND(表_网址[[#This Row],[1级]]=B33,表_网址[[#This Row],[2级]]=C33,表_网址[[#This Row],[3级]]=D33),E33+1,101) -> 101 | F34: 国有资产监督管理委员会 | G34: http://www.sasac.gov.cn/ | H34: 国务院国有资产监督管理委员会 | I34: http://www.sasac.gov.cn/dbsource/11869722/11869731.jpg | J34: 政府 | K34: 国务院 | L34: 直属特设机构 | M34: 999 | P34: 30
A35: =表_网址[[#This Row],[1级]]&"-"&表_网址[[#This Row],[2级]]&"-"&表_网址[[#This Row],[3级]]&"-"&表_网址[[#This Row],[级内]] -> 101-11-13-101 | B35: =VLOOKUP(表_网址[[#This Row],[首要关键词]],表_首次要关键词[[首要关键词]:[排序]],2,0) -> 101 | C35: =IF(表_网址[[#This Row],[次要关键词]]="",10,MATCH(表_网址[[#This Row],[次要关键词]],次要关键词,0)+10) -> 11 | D35: =IF(表_网址[[#This Row],[重点关键词]]="",10,MATCH(表_网址[[#This Row],[重点关键词]],OFFSET(重点关键词!$A$1,MATCH($J35,首要关键词,0)*50-48,MATCH($K35,次要关键词,0),重点关键词数量,1),0)+10) -> 13 | E35: =IF(AND(表_网址[[#This Row],[1级]]=B34,表_网址[[#This Row],[2级]]=C34,表_网址[[#This Row],[3级]]=D34),E34+1,101) -> 101 | F35: 海关总署 | G35: http://www.customs.gov.cn/ | I35: https://www.google.com/s2/favicons?domain=http://www.customs.gov.cn/ | J35: 政府 | K35: 国务院 | L35: 直属机构 | M35: 999 | N35: 999
A36: =表_网址[[#This Row],[1级]]&"-"&表_网址[[#This Row],[2级]]&"-"&表_网址[[#This Row],[3级]]&"-"&表_网址[[#This Row],[级内]] -> 101-11-13-102 | B36: =VLOOKUP(表_网址[[#This Row],[首要关键词]],表_首次要关键词[[首要关键词]:[排序]],2,0) -> 101 | C36: =IF(表_网址[[#This Row],[次要关键词]]="",10,MATCH(表_网址[[#This Row],[次要关键词]],次要关键词,0)+10) -> 11 | D36: =IF(表_网址[[#This Row],[重点关键词]]="",10,MATCH(表_网址[[#This Row],[重点关键词]],OFFSET(重点关键词!$A$1,MATCH($J36,首要关键词,0)*50-48,MATCH($K36,次要关键词,0),重点关键词数量,1),0)+10) -> 13 | E36: =IF(AND(表_网址[[#This Row],[1级]]=B35,表_网址[[#This Row],[2级]]=C35,表_网址[[#This Row],[3级]]=D35),E35+1,101) -> 102 | F36: 国家税务总局 | G36: http://www.chinatax.gov.cn/ | I36: https://www.google.com/s2/favicons?domain=http://www.chinatax.gov.cn/ | J36: 政府 | K36: 国务院 | L36: 直属机构 | M36: 999
A37: =表_网址[[#This Row],[1级]]&"-"&表_网址[[#This Row],[2级]]&"-"&表_网址[[#This Row],[3级]]&"-"&表_网址[[#This Row],[级内]] -> 101-11-13-103 | B37: =VLOOKUP(表_网址[[#This Row],[首要关键词]],表_首次要关键词[[首要关键词]:[排序]],2,0) -> 101 | C37: =IF(表_网址[[#This Row],[次要关键词]]="",10,MATCH(表_网址[[#This Row],[次要关键词]],次要关键词,0)+10) -> 11 | D37: =IF(表_网址[[#This Row],[重点关键词]]="",10,MATCH(表_网址[[#This Row],[重点关键词]],OFFSET(重点关键词!$A$1,MATCH($J37,首要关键词,0)*50-48,MATCH($K37,次要关键词,0),重点关键词数量,1),0)+10) -> 13 | E37: =IF(AND(表_网址[[#This Row],[1级]]=B36,表_网址[[#This Row],[2级]]=C36,表_网址[[#This Row],[3级]]=D36),E36+1,101) -> 103 | F37: 国家市场监督管理总局 | G37: http://www.samr.gov.cn/ | I37: http://www.samr.gov.cn/favicon.ico | J37: 政府 | K37: 国务院 | L37: 直属机构 | M37: 999 | P37: 16
A38: =表_网址[[#This Row],[1级]]&"-"&表_网址[[#This Row],[2级]]&"-"&表_网址[[#This Row],[3级]]&"-"&表_网址[[#This Row],[级内]] -> 101-11-13-104 | B38: =VLOOKUP(表_网址[[#This Row],[首要关键词]],表_首次要关键词[[首要关键词]:[排序]],2,0) -> 101 | C38: =IF(表_网址[[#This Row],[次要关键词]]="",10,MATCH(表_网址[[#This Row],[次要关键词]],次要关键词,0)+10) -> 11 | D38: =IF(表_网址[[#This Row],[重点关键词]]="",10,MATCH(表_网址[[#This Row],[重点关键词]],OFFSET(重点关键词!$A$1,MATCH($J38,首要关键词,0)*50-48,MATCH($K38,次要关键词,0),重点关键词数量,1),0)+10) -> 13 | E38: =IF(AND(表_网址[[#This Row],[1级]]=B37,表_网址[[#This Row],[2级]]=C37,表_网址[[#This Row],[3级]]=D37),E37+1,101) -> 104 | F38: (国家认证认可监督管理委员会) | G38: http://www.cnca.gov.cn/ | I38: http://www.cnca.gov.cn/favicon.ico | J38: 政府 | K38: 国务院 | L38: 直属机构 | M38: 999 | P38: 16
A39: =表_网址[[#This Row],[1级]]&"-"&表_网址[[#This Row],[2级]]&"-"&表_网址[[#This Row],[3级]]&"-"&表_网址[[#This Row],[级内]] -> 101-11-13-105 | B39: =VLOOKUP(表_网址[[#This Row],[首要关键词]],表_首次要关键词[[首要关键词]:[排序]],2,0) -> 101 | C39: =IF(表_网址[[#This Row],[次要关键词]]="",10,MATCH(表_网址[[#This Row],[次要关键词]],次要关键词,0)+10) -> 11 | D39: =IF(表_网址[[#This Row],[重点关键词]]="",10,MATCH(表_网址[[#This Row],[重点关键词]],OFFSET(重点关键词!$A$1,MATCH($J39,首要关键词,0)*50-48,MATCH($K39,次要关键词,0),重点关键词数量,1),0)+10) -> 13 | E39: =IF(AND(表_网址[[#This Row],[1级]]=B38,表_网址[[#This Row],[2级]]=C38,表_网址[[#This Row],[3级]]=D38),E38+1,101) -> 105 | F39: (国家标准化管理委员会) | G39: http://www.sac.gov.cn/ | I39: http://www.sac.gov.cn/favicon.ico | J39: 政府 | K39: 国务院 | L39: 直属机构 | M39: 999 | P39: 16
A40: =表_网址[[#This Row],[1级]]&"-"&表_网址[[#This Row],[2级]]&"-"&表_网址[[#This Row],[3级]]&"-"&表_网址[[#This Row],[级内]] -> 101-11-13-106 | B40: =VLOOKUP(表_网址[[#This Row],[首要关键词]],表_首次要关键词[[首要关键词]:[排序]],2,0) -> 101 | C40: =IF(表_网址[[#This Row],[次要关键词]]="",10,MATCH(表_网址[[#This Row],[次要关键词]],次要关键词,0)+10) -> 11 | D40: =IF(表_网址[[#This Row],[重点关键词]]="",10,MATCH(表_网址[[#This Row],[重点关键词]],OFFSET(重点关键词!$A$1,MATCH($J40,首要关键词,0)*50-48,MATCH($K40,次要关键词,0),重点关键词数量,1),0)+10) -> 13 | E40: =IF(AND(表_网址[[#This Row],[1级]]=B39,表_网址[[#This Row],[2级]]=C39,表_网址[[#This Row],[3级]]=D39),E39+1,101) -> 106 | F40: 国家广播电视总局 | G40: http://www.nrta.gov.cn/ | I40: http://www.nrta.gov.cn/favicon.ico | J40: 政府 | K40: 国务院 | L40: 直属机构 | M40: 999 | P40: 32
A41: =表_网址[[#This Row],[1级]]&"-"&表_网址[[#This Row],[2级]]&"-"&表_网址[[#This Row],[3级]]&"-"&表_网址[[#This Row],[级内]] -> 101-11-13-107 | B41: =VLOOKUP(表_网址[[#This Row],[首要关键词]],表_首次要关键词[[首要关键词]:[排序]],2,0) -> 101 | C41: =IF(表_网址[[#This Row],[次要关键词]]="",10,MATCH(表_网址[[#This Row],[次要关键词]],次要关键词,0)+10) -> 11 | D41: =IF(表_网址[[#This Row],[重点关键词]]="",10,MATCH(表_网址[[#This Row],[重点关键词]],OFFSET(重点关键词!$A$1,MATCH($J41,首要关键词,0)*50-48,MATCH($K41,次要关键词,0),重点关键词数量,1),0)+10) -> 13 | E41: =IF(AND(表_网址[[#This Row],[1级]]=B40,表_网址[[#This Row],[2级]]=C40,表_网址[[#This Row],[3级]]=D40),E40+1,101) -> 107 | F41: 国家体育总局 | G41: http://www.sport.gov.cn/ | I41: https://www.google.com/s2/favicons?domain=http://www.sport.gov.cn/ | J41: 政府 | K41: 国务院 | L41: 直属机构 | M41: 999
A42: =表_网址[[#This Row],[1级]]&"-"&表_网址[[#This Row],[2级]]&"-"&表_网址[[#This Row],[3级]]&"-"&表_网址[[#This Row],[级内]] -> 101-11-13-108 | B42: =VLOOKUP(表_网址[[#This Row],[首要关键词]],表_首次要关键词[[首要关键词]:[排序]],2,0) -> 101 | C42: =IF(表_网址[[#This Row],[次要关键词]]="",10,MATCH(表_网址[[#This Row],[次要关键词]],次要关键词,0)+10) -> 11 | D42: =IF(表_网址[[#This Row],[重点关键词]]="",10,MATCH(表_网址[[#This Row],[重点关键词]],OFFSET(重点关键词!$A$1,MATCH($J42,首要关键词,0)*50-48,MATCH($K42,次要关键词,0),重点关键词数量,1),0)+10) -> 13 | E42: =IF(AND(表_网址[[#This Row],[1级]]=B41,表_网址[[#This Row],[2级]]=C41,表_网址[[#This Row],[3级]]=D41),E41+1,101) -> 108 | F42: 国家统计局 | G42: http://www.stats.gov.cn/ | I42: http://www.stats.gov.cn/favicon.ico | J42: 政府 | K42: 国务院 | L42: 直属机构 | M42: 999 | P42: 16
A43: =表_网址[[#This Row],[1级]]&"-"&表_网址[[#This Row],[2级]]&"-"&表_网址[[#This Row],[3级]]&"-"&表_网址[[#This Row],[级内]] -> 101-11-13-109 | B43: =VLOOKUP(表_网址[[#This Row],[首要关键词]],表_首次要关键词[[首要关键词]:[排序]],2,0) -> 101 | C43: =IF(表_网址[[#This Row],[次要关键词]]="",10,MATCH(表_网址[[#This Row],[次要关键词]],次要关键词,0)+10) -> 11 | D43: =IF(表_网址[[#This Row],[重点关键词]]="",10,MATCH(表_网址[[#This Row],[重点关键词]],OFFSET(重点关键词!$A$1,MATCH($J43,首要关键词,0)*50-48,MATCH($K43,次要关键词,0),重点关键词数量,1),0)+10) -> 13 | E43: =IF(AND(表_网址[[#This Row],[1级]]=B42,表_网址[[#This Row],[2级]]=C42,表_网址[[#This Row],[3级]]=D42),E42+1,101) -> 109 | F43: 国家国际发展合作署 | G43: http://www.cidca.gov.cn/ | I43: http://www.cidca.gov.cn/favicon.ico | J43: 政府 | K43: 国务院 | L43: 直属机构 | M43: 999 | P43: 16
A44: =表_网址[[#This Row],[1级]]&"-"&表_网址[[#This Row],[2级]]&"-"&表_网址[[#This Row],[3级]]&"-"&表_网址[[#This Row],[级内]] -> 101-11-13-110 | B44: =VLOOKUP(表_网址[[#This Row],[首要关键词]],表_首次要关键词[[首要关键词]:[排序]],2,0) -> 101 | C44: =IF(表_网址[[#This Row],[次要关键词]]="",10,MATCH(表_网址[[#This Row],[次要关键词]],次要关键词,0)+10) -> 11 | D44: =IF(表_网址[[#This Row],[重点关键词]]="",10,MATCH(表_网址[[#This Row],[重点关键词]],OFFSET(重点关键词!$A$1,MATCH($J44,首要关键词,0)*50-48,MATCH($K44,次要关键词,0),重点关键词数量,1),0)+10) -> 13 | E44: =IF(AND(表_网址[[#This Row],[1级]]=B43,表_网址[[#This Row],[2级]]=C43,表_网址[[#This Row],[3级]]=D43),E43+1,101) -> 110 | F44: 国家医疗保障局 | G44: http://www.nhsa.gov.cn/ | I44: http://www.nhsa.gov.cn/images/1/fp_pic_24.png | J44: 政府 | K44: 国务院 | L44: 直属机构 | M44: 999 | P44: 19
A45: =表_网址[[#This Row],[1级]]&"-"&表_网址[[#This Row],[2级]]&"-"&表_网址[[#This Row],[3级]]&"-"&表_网址[[#This Row],[级内]] -> 101-11-13-111 | B45: =VLOOKUP(表_网址[[#This Row],[首要关键词]],表_首次要关键词[[首要关键词]:[排序]],2,0) -> 101 | C45: =IF(表_网址[[#This Row],[次要关键词]]="",10,MATCH(表_网址[[#This Row],[次要关键词]],次要关键词,0)+10) -> 11 | D45: =IF(表_网址[[#This Row],[重点关键词]]="",10,MATCH(表_网址[[#This Row],[重点关键词]],OFFSET(重点关键词!$A$1,MATCH($J45,首要关键词,0)*50-48,MATCH($K45,次要关键词,0),重点关键词数量,1),0)+10) -> 13 | E45: =IF(AND(表_网址[[#This Row],[1级]]=B44,表_网址[[#This Row],[2级]]=C44,表_网址[[#This Row],[3级]]=D44),E44+1,101) -> 111 | F45: 国务院参事室 | G45: http://www.counsellor.gov.cn/ | I45: https://www.google.com/s2/favicons?domain=http://www.counsellor.gov.cn/ | J45: 政府 | K45: 国务院 | L45: 直属机构 | M45: 999
A46: =表_网址[[#This Row],[1级]]&"-"&表_网址[[#This Row],[2级]]&"-"&表_网址[[#This Row],[3级]]&"-"&表_网址[[#This Row],[级内]] -> 101-11-13-112 | B46: =VLOOKUP(表_网址[[#This Row],[首要关键词]],表_首次要关键词[[首要关键词]:[排序]],2,0) -> 101 | C46: =IF(表_网址[[#This Row],[次要关键词]]="",10,MATCH(表_网址[[#This Row],[次要关键词]],次要关键词,0)+10) -> 11 | D46: =IF(表_网址[[#This Row],[重点关键词]]="",10,MATCH(表_网址[[#This Row],[重点关键词]],OFFSET(重点关键词!$A$1,MATCH($J46,首要关键词,0)*50-48,MATCH($K46,次要关键词,0),重点关键词数量,1),0)+10) -> 13 | E46: =IF(AND(表_网址[[#This Row],[1级]]=B45,表_网址[[#This Row],[2级]]=C45,表_网址[[#This Row],[3级]]=D45),E45+1,101) -> 112 | F46: 国家机关事务管理局 | G46: http://www.ggj.gov.cn/ | I46: https://www.google.com/s2/favicons?domain=http://www.ggj.gov.cn/ | J46: 政府 | K46: 国务院 | L46: 直属机构 | M46: 999
A47: =表_网址[[#This Row],[1级]]&"-"&表_网址[[#This Row],[2级]]&"-"&表_网址[[#This Row],[3级]]&"-"&表_网址[[#This Row],[级内]] -> 101-11-13-113 | B47: =VLOOKUP(表_网址[[#This Row],[首要关键词]],表_首次要关键词[[首要关键词]:[排序]],2,0) -> 101 | C47: =IF(表_网址[[#This Row],[次要关键词]]="",10,MATCH(表_网址[[#This Row],[次要关键词]],次要关键词,0)+10) -> 11 | D47: =IF(表_网址[[#This Row],[重点关键词]]="",10,MATCH(表_网址[[#This Row],[重点关键词]],OFFSET(重点关键词!$A$1,MATCH($J47,首要关键词,0)*50-48,MATCH($K47,次要关键词,0),重点关键词数量,1),0)+10) -> 13 | E47: =IF(AND(表_网址[[#This Row],[1级]]=B46,表_网址[[#This Row],[2级]]=C46,表_网址[[#This Row],[3级]]=D46),E46+1,101) -> 113 | F47: 国家版权局网 | G47: http://www.ncac.gov.cn/ | I47: http://www.ncac.gov.cn/chinacopyright/favicon.ico | J47: 政府 | K47: 国务院 | L47: 直属机构 | M47: 999 | P47: 32
A48: =表_网址[[#This Row],[1级]]&"-"&表_网址[[#This Row],[2级]]&"-"&表_网址[[#This Row],[3级]]&"-"&表_网址[[#This Row],[级内]] -> 101-11-13-114 | B48: =VLOOKUP(表_网址[[#This Row],[首要关键词]],表_首次要关键词[[首要关键词]:[排序]],2,0) -> 101 | C48: =IF(表_网址[[#This Row],[次要关键词]]="",10,MATCH(表_网址[[#This Row],[次要关键词]],次要关键词,0)+10) -> 11 | D48: =IF(表_网址[[#This Row],[重点关键词]]="",10,MATCH(表_网址[[#This Row],[重点关键词]],OFFSET(重点关键词!$A$1,MATCH($J48,首要关键词,0)*50-48,MATCH($K48,次要关键词,0),重点关键词数量,1),0)+10) -> 13 | E48: =IF(AND(表_网址[[#This Row],[1级]]=B47,表_网址[[#This Row],[2级]]=C47,表_网址[[#This Row],[3级]]=D47),E47+1,101) -> 114 | F48: 国家宗教事务局 | G48: http://www.sara.gov.cn/gjzjswjhtml/index.html | I48: https://www.google.com/s2/favicons?domain=http://www.sara.gov.cn/gjzjswjhtml/index.html | J48: 政府 | K48: 国务院 | L48: 直属机构 | M48: 999
A49: =表_网址[[#This Row],[1级]]&"-"&表_网址[[#This Row],[2级]]&"-"&表_网址[[#This Row],[3级]]&"-"&表_网址[[#This Row],[级内]] -> 101-11-14-101 | B49: =VLOOKUP(表_网址[[#This Row],[首要关键词]],表_首次要关键词[[首要关键词]:[排序]],2,0) -> 101 | C49: =IF(表_网址[[#This Row],[次要关键词]]="",10,MATCH(表_网址[[#This Row],[次要关键词]],次要关键词,0)+10) -> 11 | D49: =IF(表_网址[[#This Row],[重点关键词]]="",10,MATCH(表_网址[[#This Row],[重点关键词]],OFFSET(重点关键词!$A$1,MATCH($J49,首要关键词,0)*50-48,MATCH($K49,次要关键词,0),重点关键词数量,1),0)+10) -> 14 | E49: =IF(AND(表_网址[[#This Row],[1级]]=B48,表_网址[[#This Row],[2级]]=C48,表_网址[[#This Row],[3级]]=D48),E48+1,101) -> 101 | F49: 国务院港澳事务办公室 | G49: https://www.hmo.gov.cn/ | I49: https://www.google.com/s2/favicons?domain=https://www.hmo.gov.cn/ | J49: 政府 | K49: 国务院 | L49: 办事机构 | M49: 999
A50: =表_网址[[#This Row],[1级]]&"-"&表_网址[[#This Row],[2级]]&"-"&表_网址[[#This Row],[3级]]&"-"&表_网址[[#This Row],[级内]] -> 101-11-14-102 | B50: =VLOOKUP(表_网址[[#This Row],[首要关键词]],表_首次要关键词[[首要关键词]:[排序]],2,0) -> 101 | C50: =IF(表_网址[[#This Row],[次要关键词]]="",10,MATCH(表_网址[[#This Row],[次要关键词]],次要关键词,0)+10) -> 11 | D50: =IF(表_网址[[#This Row],[重点关键词]]="",10,MATCH(表_网址[[#This Row],[重点关键词]],OFFSET(重点关键词!$A$1,MATCH($J50,首要关键词,0)*50-48,MATCH($K50,次要关键词,0),重点关键词数量,1),0)+10) -> 14 | E50: =IF(AND(表_网址[[#This Row],[1级]]=B49,表_网址[[#This Row],[2级]]=C49,表_网址[[#This Row],[3级]]=D49),E49+1,101) -> 102 | F50: 国务院研究室 | G50: http://www.gov.cn/guoqing/2018-06/22/content_5300522.htm | I50: http://www.gov.cn/govweb/xhtml/favicon.ico | J50: 政府 | K50: 国务院 | L50: 办事机构 | M50: 999 | N50: 999 | P50: 16
A51: =表_网址[[#This Row],[1级]]&"-"&表_网址[[#This Row],[2级]]&"-"&表_网址[[#This Row],[3级]]&"-"&表_网址[[#This Row],[级内]] -> 101-11-14-103 | B51: =VLOOKUP(表_网址[[#This Row],[首要关键词]],表_首次要关键词[[首要关键词]:[排序]],2,0) -> 101 | C51: =IF(表_网址[[#This Row],[次要关键词]]="",10,MATCH(表_网址[[#This Row],[次要关键词]],次要关键词,0)+10) -> 11 | D51: =IF(表_网址[[#This Row],[重点关键词]]="",10,MATCH(表_网址[[#This Row],[重点关键词]],OFFSET(重点关键词!$A$1,MATCH($J51,首要关键词,0)*50-48,MATCH($K51,次要关键词,0),重点关键词数量,1),0)+10) -> 14 | E51: =IF(AND(表_网址[[#This Row],[1级]]=B50,表_网址[[#This Row],[2级]]=C50,表_网址[[#This Row],[3级]]=D50),E50+1,101) -> 103 | F51: 国务院侨务办公室 | G51: http://www.gqb.gov.cn/ | I51: https://www.google.com/s2/favicons?domain=http://www.gqb.gov.cn/ | J51: 政府 | K51: 国务院 | L51: 办事机构 | M51: 999
A52: =表_网址[[#This Row],[1级]]&"-"&表_网址[[#This Row],[2级]]&"-"&表_网址[[#This Row],[3级]]&"-"&表_网址[[#This Row],[级内]] -> 101-11-14-104 | B52: =VLOOKUP(表_网址[[#This Row],[首要关键词]],表_首次要关键词[[首要关键词]:[排序]],2,0) -> 101 | C52: =IF(表_网址[[#This Row],[次要关键词]]="",10,MATCH(表_网址[[#This Row],[次要关键词]],次要关键词,0)+10) -> 11 | D52: =IF(表_网址[[#This Row],[重点关键词]]="",10,MATCH(表_网址[[#This Row],[重点关键词]],OFFSET(重点关键词!$A$1,MATCH($J52,首要关键词,0)*50-48,MATCH($K52,次要关键词,0),重点关键词数量,1),0)+10) -> 14 | E52: =IF(AND(表_网址[[#This Row],[1级]]=B51,表_网址[[#This Row],[2级]]=C51,表_网址[[#This Row],[3级]]=D51),E51+1,101) -> 104 | F52: 国务院台湾事务办公室 | G52: http://www.gwytb.gov.cn/ | I52: https://www.google.com/s2/favicons?domain=http://www.gwytb.gov.cn/ | J52: 政府 | K52: 国务院 | L52: 办事机构 | M52: 999
A53: =表_网址[[#This Row],[1级]]&"-"&表_网址[[#This Row],[2级]]&"-"&表_网址[[#This Row],[3级]]&"-"&表_网址[[#This Row],[级内]] -> 101-11-14-105 | B53: =VLOOKUP(表_网址[[#This Row],[首要关键词]],表_首次要关键词[[首要关键词]:[排序]],2,0) -> 101 | C53: =IF(表_网址[[#This Row],[次要关键词]]="",10,MATCH(表_网址[[#This Row],[次要关键词]],次要关键词,0)+10) -> 11 | D53: =IF(表_网址[[#This Row],[重点关键词]]="",10,MATCH(表_网址[[#This Row],[重点关键词]],OFFSET(重点关键词!$A$1,MATCH($J53,首要关键词,0)*50-48,MATCH($K53,次要关键词,0),重点关键词数量,1),0)+10) -> 14 | E53: =IF(AND(表_网址[[#This Row],[1级]]=B52,表_网址[[#This Row],[2级]]=C52,表_网址[[#This Row],[3级]]=D52),E52+1,101) -> 105 | F53: 中共中央网络安全和信息化委员会办公室 | G53: http://www.cac.gov.cn/ | I53: http://www.cac.gov.cn/favicon.ico | J53: 政府 | K53: 国务院 | L53: 办事机构 | M53: 999 | P53: 16
A54: =表_网址[[#This Row],[1级]]&"-"&表_网址[[#This Row],[2级]]&"-"&表_网址[[#This Row],[3级]]&"-"&表_网址[[#This Row],[级内]] -> 101-11-14-106 | B54: =VLOOKUP(表_网址[[#This Row],[首要关键词]],表_首次要关键词[[首要关键词]:[排序]],2,0) -> 101 | C54: =IF(表_网址[[#This Row],[次要关键词]]="",10,MATCH(表_网址[[#This Row],[次要关键词]],次要关键词,0)+10) -> 11 | D54: =IF(表_网址[[#This Row],[重点关键词]]="",10,MATCH(表_网址[[#This Row],[重点关键词]],OFFSET(重点关键词!$A$1,MATCH($J54,首要关键词,0)*50-48,MATCH($K54,次要关键词,0),重点关键词数量,1),0)+10) -> 14 | E54: =IF(AND(表_网址[[#This Row],[1级]]=B53,表_网址[[#This Row],[2级]]=C53,表_网址[[#This Row],[3级]]=D53),E53+1,101) -> 106 | F54: 国务院新闻办公室 | G54: http://www.scio.gov.cn/index.htm | I54: http://www.scio.gov.cn/favicon.ico | J54: 政府 | K54: 国务院 | L54: 办事机构 | M54: 999 | P54: 256
A55: =表_网址[[#This Row],[1级]]&"-"&表_网址[[#This Row],[2级]]&"-"&表_网址[[#This Row],[3级]]&"-"&表_网址[[#This Row],[级内]] -> 101-11-15-101 | B55: =VLOOKUP(表_网址[[#This Row],[首要关键词]],表_首次要关键词[[首要关键词]:[排序]],2,0) -> 101 | C55: =IF(表_网址[[#This Row],[次要关键词]]="",10,MATCH(表_网址[[#This Row],[次要关键词]],次要关键词,0)+10) -> 11 | D55: =IF(表_网址[[#This Row],[重点关键词]]="",10,MATCH(表_网址[[#This Row],[重点关键词]],OFFSET(重点关键词!$A$1,MATCH($J55,首要关键词,0)*50-48,MATCH($K55,次要关键词,0),重点关键词数量,1),0)+10) -> 15 | E55: =IF(AND(表_网址[[#This Row],[1级]]=B54,表_网址[[#This Row],[2级]]=C54,表_网址[[#This Row],[3级]]=D54),E54+1,101) -> 101 | F55: 新华通讯社 | G55: http://203.192.6.89/xhs/ | I55: https://www.google.com/s2/favicons?domain=http://203.192.6.89/xhs/ | J55: 政府 | K55: 国务院 | L55: 直属事业单位 | M55: 999
A56: =表_网址[[#This Row],[1级]]&"-"&表_网址[[#This Row],[2级]]&"-"&表_网址[[#This Row],[3级]]&"-"&表_网址[[#This Row],[级内]] -> 101-11-15-102 | B56: =VLOOKUP(表_网址[[#This Row],[首要关键词]],表_首次要关键词[[首要关键词]:[排序]],2,0) -> 101 | C56: =IF(表_网址[[#This Row],[次要关键词]]="",10,MATCH(表_网址[[#This Row],[次要关键词]],次要关键词,0)+10) -> 11 | D56: =IF(表_网址[[#This Row],[重点关键词]]="",10,MATCH(表_网址[[#This Row],[重点关键词]],OFFSET(重点关键词!$A$1,MATCH($J56,首要关键词,0)*50-48,MATCH($K56,次要关键词,0),重点关键词数量,1),0)+10) -> 15 | E56: =IF(AND(表_网址[[#This Row],[1级]]=B55,表_网址[[#This Row],[2级]]=C55,表_网址[[#This Row],[3级]]=D55),E55+1,101) -> 102 | F56: 中国科学院 | G56: http://www.cas.ac.cn/ | I56: http://www.cas.cn/lib/images/favicon.ico | J56: 政府 | K56: 国务院 | L56: 直属事业单位 | M56: 999 | N56: 999 | P56: 64
A57: =表_网址[[#This Row],[1级]]&"-"&表_网址[[#This Row],[2级]]&"-"&表_网址[[#This Row],[3级]]&"-"&表_网址[[#This Row],[级内]] -> 101-11-15-103 | B57: =VLOOKUP(表_网址[[#This Row],[首要关键词]],表_首次要关键词[[首要关键词]:[排序]],2,0) -> 101 | C57: =IF(表_网址[[#This Row],[次要关键词]]="",10,MATCH(表_网址[[#This Row],[次要关键词]],次要关键词,0)+10) -> 11 | D57: =IF(表_网址[[#This Row],[重点关键词]]="",10,MATCH(表_网址[[#This Row],[重点关键词]],OFFSET(重点关键词!$A$1,MATCH($J57,首要关键词,0)*50-48,MATCH($K57,次要关键词,0),重点关键词数量,1),0)+10) -> 15 | E57: =IF(AND(表_网址[[#This Row],[1级]]=B56,表_网址[[#This Row],[2级]]=C56,表_网址[[#This Row],[3级]]=D56),E56+1,101) -> 103 | F57: 中国社会科学院 | G57: http://cass.cssn.cn/ | I57: http://cass.cssn.cn/favicon.ico | J57: 政府 | K57: 国务院 | L57: 直属事业单位 | M57: 999 | P57: 16
A58: =表_网址[[#This Row],[1级]]&"-"&表_网址[[#This Row],[2级]]&"-"&表_网址[[#This Row],[3级]]&"-"&表_网址[[#This Row],[级内]] -> 101-11-15-104 | B58: =VLOOKUP(表_网址[[#This Row],[首要关键词]],表_首次要关键词[[首要关键词]:[排序]],2,0) -> 101 | C58: =IF(表_网址[[#This Row],[次要关键词]]="",10,MATCH(表_网址[[#This Row],[次要关键词]],次要关键词,0)+10) -> 11 | D58: =IF(表_网址[[#This Row],[重点关键词]]="",10,MATCH(表_网址[[#This Row],[重点关键词]],OFFSET(重点关键词!$A$1,MATCH($J58,首要关键词,0)*50-48,MATCH($K58,次要关键词,0),重点关键词数量,1),0)+10) -> 15 | E58: =IF(AND(表_网址[[#This Row],[1级]]=B57,表_网址[[#This Row],[2级]]=C57,表_网址[[#This Row],[3级]]=D57),E57+1,101) -> 104 | F58: 中国工程院 | G58: http://www.cae.cn/ | I58: http://www.cae.cn/cae/favicon.ico | J58: 政府 | K58: 国务院 | L58: 直属事业单位 | M58: 999 | N58: 999 | P58: 32
A59: =表_网址[[#This Row],[1级]]&"-"&表_网址[[#This Row],[2级]]&"-"&表_网址[[#This Row],[3级]]&"-"&表_网址[[#This Row],[级内]] -> 101-11-15-105 | B59: =VLOOKUP(表_网址[[#This Row],[首要关键词]],表_首次要关键词[[首要关键词]:[排序]],2,0) -> 101 | C59: =IF(表_网址[[#This Row],[次要关键词]]="",10,MATCH(表_网址[[#This Row],[次要关键词]],次要关键词,0)+10) -> 11 | D59: =IF(表_网址[[#This Row],[重点关键词]]="",10,MATCH(表_网址[[#This Row],[重点关键词]],OFFSET(重点关键词!$A$1,MATCH($J59,首要关键词,0)*50-48,MATCH($K59,次要关键词,0),重点关键词数量,1),0)+10) -> 15 | E59: =IF(AND(表_网址[[#This Row],[1级]]=B58,表_网址[[#This Row],[2级]]=C58,表_网址[[#This Row],[3级]]=D58),E58+1,101) -> 105 | F59: 国务院发展研究中心 | G59: https://www.drc.gov.cn/default.aspx | I59: https://www.google.com/s2/favicons?domain=https://www.drc.gov.cn/default.aspx | J59: 政府 | K59: 国务院 | L59: 直属事业单位 | M59: 999
A60: =表_网址[[#This Row],[1级]]&"-"&表_网址[[#This Row],[2级]]&"-"&表_网址[[#This Row],[3级]]&"-"&表_网址[[#This Row],[级内]] -> 101-11-15-106 | B60: =VLOOKUP(表_网址[[#This Row],[首要关键词]],表_首次要关键词[[首要关键词]:[排序]],2,0) -> 101 | C60: =IF(表_网址[[#This Row],[次要关键词]]="",10,MATCH(表_网址[[#This Row],[次要关键词]],次要关键词,0)+10) -> 11 | D60: =IF(表_网址[[#This Row],[重点关键词]]="",10,MATCH(表_网址[[#This Row],[重点关键词]],OFFSET(重点关键词!$A$1,MATCH($J60,首要关键词,0)*50-48,MATCH($K60,次要关键词,0),重点关键词数量,1),0)+10) -> 15 | E60: =IF(AND(表_网址[[#This Row],[1级]]=B59,表_网址[[#This Row],[2级]]=C59,表_网址[[#This Row],[3级]]=D59),E59+1,101) -> 106 | F60: 中央广播电视总台 | G60: http://www.cnr.cn/ | I60: http://www.cnr.cn/favicon.ico | J60: 政府 | K60: 国务院 | L60: 直属事业单位 | M60: 999 | N60: 999 | P60: 16
A61: =表_网址[[#This Row],[1级]]&"-"&表_网址[[#This Row],[2级]]&"-"&表_网址[[#This Row],[3级]]&"-"&表_网址[[#This Row],[级内]] -> 101-11-15-107 | B61: =VLOOKUP(表_网址[[#This Row],[首要关键词]],表_首次要关键词[[首要关键词]:[排序]],2,0) -> 101 | C61: =IF(表_网址[[#This Row],[次要关键词]]="",10,MATCH(表_网址[[#This Row],[次要关键词]],次要关键词,0)+10) -> 11 | D61: =IF(表_网址[[#This Row],[重点关键词]]="",10,MATCH(表_网址[[#This Row],[重点关键词]],OFFSET(重点关键词!$A$1,MATCH($J61,首要关键词,0)*50-48,MATCH($K61,次要关键词,0),重点关键词数量,1),0)+10) -> 15 | E61: =IF(AND(表_网址[[#This Row],[1级]]=B60,表_网址[[#This Row],[2级]]=C60,表_网址[[#This Row],[3级]]=D60),E60+1,101) -> 107 | F61: 中国气象局 | G61: http://www.cma.gov.cn/ | I61: http://www.cma.gov.cn/favicon.ico | J61: 政府 | K61: 国务院 | L61: 直属事业单位 | M61: 999 | P61: 16
A62: =表_网址[[#This Row],[1级]]&"-"&表_网址[[#This Row],[2级]]&"-"&表_网址[[#This Row],[3级]]&"-"&表_网址[[#This Row],[级内]] -> 101-11-15-108 | B62: =VLOOKUP(表_网址[[#This Row],[首要关键词]],表_首次要关键词[[首要关键词]:[排序]],2,0) -> 101 | C62: =IF(表_网址[[#This Row],[次要关键词]]="",10,MATCH(表_网址[[#This Row],[次要关键词]],次要关键词,0)+10) -> 11 | D62: =IF(表_网址[[#This Row],[重点关键词]]="",10,MATCH(表_网址[[#This Row],[重点关键词]],OFFSET(重点关键词!$A$1,MATCH($J62,首要关键词,0)*50-48,MATCH($K62,次要关键词,0),重点关键词数量,1),0)+10) -> 15 | E62: =IF(AND(表_网址[[#This Row],[1级]]=B61,表_网址[[#This Row],[2级]]=C61,表_网址[[#This Row],[3级]]=D61),E61+1,101) -> 108 | F62: 中国银行保险监督管理委员会 | G62: http://www.cbirc.gov.cn/cn/view/pages/index/index.html | I62: http://www.cbirc.gov.cn/cn/static/favicon.ico | J62: 政府 | K62: 国务院 | L62: 直属事业单位 | M62: 999 | N62: 999 | P62: 128
A63: =表_网址[[#This Row],[1级]]&"-"&表_网址[[#This Row],[2级]]&"-"&表_网址[[#This Row],[3级]]&"-"&表_网址[[#This Row],[级内]] -> 101-11-15-109 | B63: =VLOOKUP(表_网址[[#This Row],[首要关键词]],表_首次要关键词[[首要关键词]:[排序]],2,0) -> 101 | C63: =IF(表_网址[[#This Row],[次要关键词]]="",10,MATCH(表_网址[[#This Row],[次要关键词]],次要关键词,0)+10) -> 11 | D63: =IF(表_网址[[#This Row],[重点关键词]]="",10,MATCH(表_网址[[#This Row],[重点关键词]],OFFSET(重点关键词!$A$1,MATCH($J63,首要关键词,0)*50-48,MATCH($K63,次要关键词,0),重点关键词数量,1),0)+10) -> 15 | E63: =IF(AND(表_网址[[#This Row],[1级]]=B62,表_网址[[#This Row],[2级]]=C62,表_网址[[#This Row],[3级]]=D62),E62+1,101) -> 109 | F63: 中国证券监督管理委员会 | G63: http://www.csrc.gov.cn/pub/newsite/ | I63: https://www.google.com/s2/favicons?domain=http://www.csrc.gov.cn/pub/newsite/ | J63: 政府 | K63: 国务院 | L63: 直属事业单位 | M63: 999
A64: =表_网址[[#This Row],[1级]]&"-"&表_网址[[#This Row],[2级]]&"-"&表_网址[[#This Row],[3级]]&"-"&表_网址[[#This Row],[级内]] -> 101-11-16-101 | B64: =VLOOKUP(表_网址[[#This Row],[首要关键词]],表_首次要关键词[[首要关键词]:[排序]],2,0) -> 101 | C64: =IF(表_网址[[#This Row],[次要关键词]]="",10,MATCH(表_网址[[#This Row],[次要关键词]],次要关键词,0)+10) -> 11 | D64: =IF(表_网址[[#This Row],[重点关键词]]="",10,MATCH(表_网址[[#This Row],[重点关键词]],OFFSET(重点关键词!$A$1,MATCH($J64,首要关键词,0)*50-48,MATCH($K64,次要关键词,0),重点关键词数量,1),0)+10) -> 16 | E64: =IF(AND(表_网址[[#This Row],[1级]]=B63,表_网址[[#This Row],[2级]]=C63,表_网址[[#This Row],[3级]]=D63),E63+1,101) -> 101 | F64: 国家信访局 | G64: https://www.gjxfj.gov.cn/gjxfj/index.htm | I64: https://www.gjxfj.gov.cn/favicon.ico | J64: 政府 | K64: 国务院 | L64: 国家局 | M64: 999 | N64: 999 | P64: 32
A65: =表_网址[[#This Row],[1级]]&"-"&表_网址[[#This Row],[2级]]&"-"&表_网址[[#This Row],[3级]]&"-"&表_网址[[#This Row],[级内]] -> 101-11-16-102 | B65: =VLOOKUP(表_网址[[#This Row],[首要关键词]],表_首次要关键词[[首要关键词]:[排序]],2,0) -> 101 | C65: =IF(表_网址[[#This Row],[次要关键词]]="",10,MATCH(表_网址[[#This Row],[次要关键词]],次要关键词,0)+10) -> 11 | D65: =IF(表_网址[[#This Row],[重点关键词]]="",10,MATCH(表_网址[[#This Row],[重点关键词]],OFFSET(重点关键词!$A$1,MATCH($J65,首要关键词,0)*50-48,MATCH($K65,次要关键词,0),重点关键词数量,1),0)+10) -> 16 | E65: =IF(AND(表_网址[[#This Row],[1级]]=B64,表_网址[[#This Row],[2级]]=C64,表_网址[[#This Row],[3级]]=D64),E64+1,101) -> 102 | F65: 国家粮食和物资储备局 | G65: http://www.lswz.gov.cn/ | I65: http://www.lswz.gov.cn/html/xhtml/images/favicon.ico | J65: 政府 | K65: 国务院 | L65: 国家局 | M65: 999 | P65: 16
A66: =表_网址[[#This Row],[1级]]&"-"&表_网址[[#This Row],[2级]]&"-"&表_网址[[#This Row],[3级]]&"-"&表_网址[[#This Row],[级内]] -> 101-11-16-103 | B66: =VLOOKUP(表_网址[[#This Row],[首要关键词]],表_首次要关键词[[首要关键词]:[排序]],2,0) -> 101 | C66: =IF(表_网址[[#This Row],[次要关键词]]="",10,MATCH(表_网址[[#This Row],[次要关键词]],次要关键词,0)+10) -> 11 | D66: =IF(表_网址[[#This Row],[重点关键词]]="",10,MATCH(表_网址[[#This Row],[重点关键词]],OFFSET(重点关键词!$A$1,MATCH($J66,首要关键词,0)*50-48,MATCH($K66,次要关键词,0),重点关键词数量,1),0)+10) -> 16 | E66: =IF(AND(表_网址[[#This Row],[1级]]=B65,表_网址[[#This Row],[2级]]=C65,表_网址[[#This Row],[3级]]=D65),E65+1,101) -> 103 | F66: 国家能源局 | G66: http://www.nea.gov.cn/ | I66: https://www.google.com/s2/favicons?domain=http://www.nea.gov.cn/ | J66: 政府 | K66: 国务院 | L66: 国家局 | M66: 999
A67: =表_网址[[#This Row],[1级]]&"-"&表_网址[[#This Row],[2级]]&"-"&表_网址[[#This Row],[3级]]&"-"&表_网址[[#This Row],[级内]] -> 101-11-16-104 | B67: =VLOOKUP(表_网址[[#This Row],[首要关键词]],表_首次要关键词[[首要关键词]:[排序]],2,0) -> 101 | C67: =IF(表_网址[[#This Row],[次要关键词]]="",10,MATCH(表_网址[[#This Row],[次要关键词]],次要关键词,0)+10) -> 11 | D67: =IF(表_网址[[#This Row],[重点关键词]]="",10,MATCH(表_网址[[#This Row],[重点关键词]],OFFSET(重点关键词!$A$1,MATCH($J67,首要关键词,0)*50-48,MATCH($K67,次要关键词,0),重点关键词数量,1),0)+10) -> 16 | E67: =IF(AND(表_网址[[#This Row],[1级]]=B66,表_网址[[#This Row],[2级]]=C66,表_网址[[#This Row],[3级]]=D66),E66+1,101) -> 104 | F67: 国家国防科技工业局 | G67: http://www.sastind.gov.cn/ | I67: https://www.google.com/s2/favicons?domain=http://www.sastind.gov.cn/ | J67: 政府 | K67: 国务院 | L67: 国家局 | M67: 999
A68: =表_网址[[#This Row],[1级]]&"-"&表_网址[[#This Row],[2级]]&"-"&表_网址[[#This Row],[3级]]&"-"&表_网址[[#This Row],[级内]] -> 101-11-16-105 | B68: =VLOOKUP(表_网址[[#This Row],[首要关键词]],表_首次要关键词[[首要关键词]:[排序]],2,0) -> 101 | C68: =IF(表_网址[[#This Row],[次要关键词]]="",10,MATCH(表_网址[[#This Row],[次要关键词]],次要关键词,0)+10) -> 11 | D68: =IF(表_网址[[#This Row],[重点关键词]]="",10,MATCH(表_网址[[#This Row],[重点关键词]],OFFSET(重点关键词!$A$1,MATCH($J68,首要关键词,0)*50-48,MATCH($K68,次要关键词,0),重点关键词数量,1),0)+10) -> 16 | E68: =IF(AND(表_网址[[#This Row],[1级]]=B67,表_网址[[#This Row],[2级]]=C67,表_网址[[#This Row],[3级]]=D67),E67+1,101) -> 105 | F68: 国家烟草专卖局 | G68: http://www.tobacco.gov.cn/gjyc/index.shtml | I68: https://www.google.com/s2/favicons?domain=http://www.tobacco.gov.cn/gjyc/index.shtml | J68: 政府 | K68: 国务院 | L68: 国家局 | M68: 999
A69: =表_网址[[#This Row],[1级]]&"-"&表_网址[[#This Row],[2级]]&"-"&表_网址[[#This Row],[3级]]&"-"&表_网址[[#This Row],[级内]] -> 101-11-16-106 | B69: =VLOOKUP(表_网址[[#This Row],[首要关键词]],表_首次要关键词[[首要关键词]:[排序]],2,0) -> 101 | C69: =IF(表_网址[[#This Row],[次要关键词]]="",10,MATCH(表_网址[[#This Row],[次要关键词]],次要关键词,0)+10) -> 11 | D69: =IF(表_网址[[#This Row],[重点关键词]]="",10,MATCH(表_网址[[#This Row],[重点关键词]],OFFSET(重点关键词!$A$1,MATCH($J69,首要关键词,0)*50-48,MATCH($K69,次要关键词,0),重点关键词数量,1),0)+10) -> 16 | E69: =IF(AND(表_网址[[#This Row],[1级]]=B68,表_网址[[#This Row],[2级]]=C68,表_网址[[#This Row],[3级]]=D68),E68+1,101) -> 106 | F69: 国家移民管理局 | G69: https://www.nia.gov.cn/ | I69: https://www.nia.gov.cn/titlepic/new-guohui.ico | J69: 政府 | K69: 国务院 | L69: 国家局 | M69: 999 | N69: 999 | P69: 1024
A70: =表_网址[[#This Row],[1级]]&"-"&表_网址[[#This Row],[2级]]&"-"&表_网址[[#This Row],[3级]]&"-"&表_网址[[#This Row],[级内]] -> 101-11-16-107 | B70: =VLOOKUP(表_网址[[#This Row],[首要关键词]],表_首次要关键词[[首要关键词]:[排序]],2,0) -> 101 | C70: =IF(表_网址[[#This Row],[次要关键词]]="",10,MATCH(表_网址[[#This Row],[次要关键词]],次要关键词,0)+10) -> 11 | D70: =IF(表_网址[[#This Row],[重点关键词]]="",10,MATCH(表_网址[[#This Row],[重点关键词]],OFFSET(重点关键词!$A$1,MATCH($J70,首要关键词,0)*50-48,MATCH($K70,次要关键词,0),重点关键词数量,1),0)+10) -> 16 | E70: =IF(AND(表_网址[[#This Row],[1级]]=B69,表_网址[[#This Row],[2级]]=C69,表_网址[[#This Row],[3级]]=D69),E69+1,101) -> 107 | F70: 国家林业和草原局 | G70: http://www.forestry.gov.cn/ | I70: http://www.forestry.gov.cn/favicon.ico | J70: 政府 | K70: 国务院 | L70: 国家局 | M70: 999 | P70: 53
A71: =表_网址[[#This Row],[1级]]&"-"&表_网址[[#This Row],[2级]]&"-"&表_网址[[#This Row],[3级]]&"-"&表_网址[[#This Row],[级内]] -> 101-11-16-108 | B71: =VLOOKUP(表_网址[[#This Row],[首要关键词]],表_首次要关键词[[首要关键词]:[排序]],2,0) -> 101 | C71: =IF(表_网址[[#This Row],[次要关键词]]="",10,MATCH(表_网址[[#This Row],[次要关键词]],次要关键词,0)+10) -> 11 | D71: =IF(表_网址[[#This Row],[重点关键词]]="",10,MATCH(表_网址[[#This Row],[重点关键词]],OFFSET(重点关键词!$A$1,MATCH($J71,首要关键词,0)*50-48,MATCH($K71,次要关键词,0),重点关键词数量,1),0)+10) -> 16 | E71: =IF(AND(表_网址[[#This Row],[1级]]=B70,表_网址[[#This Row],[2级]]=C70,表_网址[[#This Row],[3级]]=D70),E70+1,101) -> 108 | F71: (国家公园管理局) | G71: http://www.forestry.gov.cn/ | I71: http://www.forestry.gov.cn/favicon.ico | J71: 政府 | K71: 国务院 | L71: 国家局 | M71: 999 | P71: 53
A72: =表_网址[[#This Row],[1级]]&"-"&表_网址[[#This Row],[2级]]&"-"&表_网址[[#This Row],[3级]]&"-"&表_网址[[#This Row],[级内]] -> 101-11-16-109 | B72: =VLOOKUP(表_网址[[#This Row],[首要关键词]],表_首次要关键词[[首要关键词]:[排序]],2,0) -> 101 | C72: =IF(表_网址[[#This Row],[次要关键词]]="",10,MATCH(表_网址[[#This Row],[次要关键词]],次要关键词,0)+10) -> 11 | D72: =IF(表_网址[[#This Row],[重点关键词]]="",10,MATCH(表_网址[[#This Row],[重点关键词]],OFFSET(重点关键词!$A$1,MATCH($J72,首要关键词,0)*50-48,MATCH($K72,次要关键词,0),重点关键词数量,1),0)+10) -> 16 | E72: =IF(AND(表_网址[[#This Row],[1级]]=B71,表_网址[[#This Row],[2级]]=C71,表_网址[[#This Row],[3级]]=D71),E71+1,101) -> 109 | F72: 国家铁路局 | G72: http://www.nra.gov.cn/ | I72: https://www.google.com/s2/favicons?domain=http://www.nra.gov.cn/ | J72: 政府 | K72: 国务院 | L72: 国家局 | M72: 999
A73: =表_网址[[#This Row],[1级]]&"-"&表_网址[[#This Row],[2级]]&"-"&表_网址[[#This Row],[3级]]&"-"&表_网址[[#This Row],[级内]] -> 101-11-16-110 | B73: =VLOOKUP(表_网址[[#This Row],[首要关键词]],表_首次要关键词[[首要关键词]:[排序]],2,0) -> 101 | C73: =IF(表_网址[[#This Row],[次要关键词]]="",10,MATCH(表_网址[[#This Row],[次要关键词]],次要关键词,0)+10) -> 11 | D73: =IF(表_网址[[#This Row],[重点关键词]]="",10,MATCH(表_网址[[#This Row],[重点关键词]],OFFSET(重点关键词!$A$1,MATCH($J73,首要关键词,0)*50-48,MATCH($K73,次要关键词,0),重点关键词数量,1),0)+10) -> 16 | E73: =IF(AND(表_网址[[#This Row],[1级]]=B72,表_网址[[#This Row],[2级]]=C72,表_网址[[#This Row],[3级]]=D72),E72+1,101) -> 110 | F73: 中国民用航空局 | G73: http://www.caac.gov.cn/index.html | I73: http://www.caac.gov.cn/images/favicon.png | J73: 政府 | K73: 国务院 | L73: 国家局 | M73: 999 | P73: 197
A74: =表_网址[[#This Row],[1级]]&"-"&表_网址[[#This Row],[2级]]&"-"&表_网址[[#This Row],[3级]]&"-"&表_网址[[#This Row],[级内]] -> 101-11-16-111 | B74: =VLOOKUP(表_网址[[#This Row],[首要关键词]],表_首次要关键词[[首要关键词]:[排序]],2,0) -> 101 | C74: =IF(表_网址[[#This Row],[次要关键词]]="",10,MATCH(表_网址[[#This Row],[次要关键词]],次要关键词,0)+10) -> 11 | D74: =IF(表_网址[[#This Row],[重点关键词]]="",10,MATCH(表_网址[[#This Row],[重点关键词]],OFFSET(重点关键词!$A$1,MATCH($J74,首要关键词,0)*50-48,MATCH($K74,次要关键词,0),重点关键词数量,1),0)+10) -> 16 | E74: =IF(AND(表_网址[[#This Row],[1级]]=B73,表_网址[[#This Row],[2级]]=C73,表_网址[[#This Row],[3级]]=D73),E73+1,101) -> 111 | F74: 国家邮政局 | G74: http://www.spb.gov.cn/ | I74: https://www.google.com/s2/favicons?domain=http://www.spb.gov.cn/ | J74: 政府 | K74: 国务院 | L74: 国家局 | M74: 999
A75: =表_网址[[#This Row],[1级]]&"-"&表_网址[[#This Row],[2级]]&"-"&表_网址[[#This Row],[3级]]&"-"&表_网址[[#This Row],[级内]] -> 101-11-16-112 | B75: =VLOOKUP(表_网址[[#This Row],[首要关键词]],表_首次要关键词[[首要关键词]:[排序]],2,0) -> 101 | C75: =IF(表_网址[[#This Row],[次要关键词]]="",10,MATCH(表_网址[[#This Row],[次要关键词]],次要关键词,0)+10) -> 11 | D75: =IF(表_网址[[#This Row],[重点关键词]]="",10,MATCH(表_网址[[#This Row],[重点关键词]],OFFSET(重点关键词!$A$1,MATCH($J75,首要关键词,0)*50-48,MATCH($K75,次要关键词,0),重点关键词数量,1),0)+10) -> 16 | E75: =IF(AND(表_网址[[#This Row],[1级]]=B74,表_网址[[#This Row],[2级]]=C74,表_网址[[#This Row],[3级]]=D74),E74+1,101) -> 112 | F75: 国家文物局 | G75: http://www.ncha.gov.cn/ | I75: https://www.google.com/s2/favicons?domain=http://www.ncha.gov.cn/ | J75: 政府 | K75: 国务院 | L75: 国家局 | M75: 999
A76: =表_网址[[#This Row],[1级]]&"-"&表_网址[[#This Row],[2级]]&"-"&表_网址[[#This Row],[3级]]&"-"&表_网址[[#This Row],[级内]] -> 101-11-16-113 | B76: =VLOOKUP(表_网址[[#This Row],[首要关键词]],表_首次要关键词[[首要关键词]:[排序]],2,0) -> 101 | C76: =IF(表_网址[[#This Row],[次要关键词]]="",10,MATCH(表_网址[[#This Row],[次要关键词]],次要关键词,0)+10) -> 11 | D76: =IF(表_网址[[#This Row],[重点关键词]]="",10,MATCH(表_网址[[#This Row],[重点关键词]],OFFSET(重点关键词!$A$1,MATCH($J76,首要关键词,0)*50-48,MATCH($K76,次要关键词,0),重点关键词数量,1),0)+10) -> 16 | E76: =IF(AND(表_网址[[#This Row],[1级]]=B75,表_网址[[#This Row],[2级]]=C75,表_网址[[#This Row],[3级]]=D75),E75+1,101) -> 113 | F76: 国家中医药管理局 | G76: http://www.satcm.gov.cn/ | I76: http://www.satcm.gov.cn/favicon.ico | J76: 政府 | K76: 国务院 | L76: 国家局 | M76: 999 | P76: 256
A77: =表_网址[[#This Row],[1级]]&"-"&表_网址[[#This Row],[2级]]&"-"&表_网址[[#This Row],[3级]]&"-"&表_网址[[#This Row],[级内]] -> 101-11-16-114 | B77: =VLOOKUP(表_网址[[#This Row],[首要关键词]],表_首次要关键词[[首要关键词]:[排序]],2,0) -> 101 | C77: =IF(表_网址[[#This Row],[次要关键词]]="",10,MATCH(表_网址[[#This Row],[次要关键词]],次要关键词,0)+10) -> 11 | D77: =IF(表_网址[[#This Row],[重点关键词]]="",10,MATCH(表_网址[[#This Row],[重点关键词]],OFFSET(重点关键词!$A$1,MATCH($J77,首要关键词,0)*50-48,MATCH($K77,次要关键词,0),重点关键词数量,1),0)+10) -> 16 | E77: =IF(AND(表_网址[[#This Row],[1级]]=B76,表_网址[[#This Row],[2级]]=C76,表_网址[[#This Row],[3级]]=D76),E76+1,101) -> 114 | F77: 国家矿山安全监察局 | G77: http://www.chinacoal-safety.gov.cn/ | J77: 政府 | K77: 国务院 | L77: 国家局 | M77: 999
A78: =表_网址[[#This Row],[1级]]&"-"&表_网址[[#This Row],[2级]]&"-"&表_网址[[#This Row],[3级]]&"-"&表_网址[[#This Row],[级内]] -> 101-11-16-115 | B78: =VLOOKUP(表_网址[[#This Row],[首要关键词]],表_首次要关键词[[首要关键词]:[排序]],2,0) -> 101 | C78: =IF(表_网址[[#This Row],[次要关键词]]="",10,MATCH(表_网址[[#This Row],[次要关键词]],次要关键词,0)+10) -> 11 | D78: =IF(表_网址[[#This Row],[重点关键词]]="",10,MATCH(表_网址[[#This Row],[重点关键词]],OFFSET(重点关键词!$A$1,MATCH($J78,首要关键词,0)*50-48,MATCH($K78,次要关键词,0),重点关键词数量,1),0)+10) -> 16 | E78: =IF(AND(表_网址[[#This Row],[1级]]=B77,表_网址[[#This Row],[2级]]=C77,表_网址[[#This Row],[3级]]=D77),E77+1,101) -> 115 | F78: 国家外汇管理局 | G78: http://www.safe.gov.cn/ | I78: http://www.safe.gov.cn/safe/templateresource/372b1dfdab204181b9b4f943a8e926a6/images/safe.ico | J78: 政府 | K78: 国务院 | L78: 国家局 | M78: 999 | P78: 32
A79: =表_网址[[#This Row],[1级]]&"-"&表_网址[[#This Row],[2级]]&"-"&表_网址[[#This Row],[3级]]&"-"&表_网址[[#This Row],[级内]] -> 101-11-16-116 | B79: =VLOOKUP(表_网址[[#This Row],[首要关键词]],表_首次要关键词[[首要关键词]:[排序]],2,0) -> 101 | C79: =IF(表_网址[[#This Row],[次要关键词]]="",10,MATCH(表_网址[[#This Row],[次要关键词]],次要关键词,0)+10) -> 11 | D79: =IF(表_网址[[#This Row],[重点关键词]]="",10,MATCH(表_网址[[#This Row],[重点关键词]],OFFSET(重点关键词!$A$1,MATCH($J79,首要关键词,0)*50-48,MATCH($K79,次要关键词,0),重点关键词数量,1),0)+10) -> 16 | E79: =IF(AND(表_网址[[#This Row],[1级]]=B78,表_网址[[#This Row],[2级]]=C78,表_网址[[#This Row],[3级]]=D78),E78+1,101) -> 116 | F79: 国家药品监督管理局 | G79: https://www.nmpa.gov.cn/ | I79: https://www.nmpa.gov.cn/wbppimages/favicon.ico | J79: 政府 | K79: 国务院 | L79: 国家局 | M79: 999 | N79: 999 | P79: 16
A80: =表_网址[[#This Row],[1级]]&"-"&表_网址[[#This Row],[2级]]&"-"&表_网址[[#This Row],[3级]]&"-"&表_网址[[#This Row],[级内]] -> 101-11-16-117 | B80: =VLOOKUP(表_网址[[#This Row],[首要关键词]],表_首次要关键词[[首要关键词]:[排序]],2,0) -> 101 | C80: =IF(表_网址[[#This Row],[次要关键词]]="",10,MATCH(表_网址[[#This Row],[次要关键词]],次要关键词,0)+10) -> 11 | D80: =IF(表_网址[[#This Row],[重点关键词]]="",10,MATCH(表_网址[[#This Row],[重点关键词]],OFFSET(重点关键词!$A$1,MATCH($J80,首要关键词,0)*50-48,MATCH($K80,次要关键词,0),重点关键词数量,1),0)+10) -> 16 | E80: =IF(AND(表_网址[[#This Row],[1级]]=B79,表_网址[[#This Row],[2级]]=C79,表_网址[[#This Row],[3级]]=D79),E79+1,101) -> 117 | F80: 国家知识产权局 | G80: https://www.cnipa.gov.cn/ | I80: https://www.cnipa.gov.cn/favicon.ico | J80: 政府 | K80: 国务院 | L80: 国家局 | M80: 999 | N80: 999 | P80: 128
A81: =表_网址[[#This Row],[1级]]&"-"&表_网址[[#This Row],[2级]]&"-"&表_网址[[#This Row],[3级]]&"-"&表_网址[[#This Row],[级内]] -> 101-11-16-118 | B81: =VLOOKUP(表_网址[[#This Row],[首要关键词]],表_首次要关键词[[首要关键词]:[排序]],2,0) -> 101 | C81: =IF(表_网址[[#This Row],[次要关键词]]="",10,MATCH(表_网址[[#This Row],[次要关键词]],次要关键词,0)+10) -> 11 | D81: =IF(表_网址[[#This Row],[重点关键词]]="",10,MATCH(表_网址[[#This Row],[重点关键词]],OFFSET(重点关键词!$A$1,MATCH($J81,首要关键词,0)*50-48,MATCH($K81,次要关键词,0),重点关键词数量,1),0)+10) -> 16 | E81: =IF(AND(表_网址[[#This Row],[1级]]=B80,表_网址[[#This Row],[2级]]=C80,表_网址[[#This Row],[3级]]=D80),E80+1,101) -> 118 | F81: 国家档案局 | G81: https://www.saac.gov.cn/ | I81: https://www.google.com/s2/favicons?domain=https://www.saac.gov.cn/ | J81: 政府 | K81: 国务院 | L81: 国家局 | M81: 999
A82: =表_网址[[#This Row],[1级]]&"-"&表_网址[[#This Row],[2级]]&"-"&表_网址[[#This Row],[3级]]&"-"&表_网址[[#This Row],[级内]] -> 101-11-16-119 | B82: =VLOOKUP(表_网址[[#This Row],[首要关键词]],表_首次要关键词[[首要关键词]:[排序]],2,0) -> 101 | C82: =IF(表_网址[[#This Row],[次要关键词]]="",10,MATCH(表_网址[[#This Row],[次要关键词]],次要关键词,0)+10) -> 11 | D82: =IF(表_网址[[#This Row],[重点关键词]]="",10,MATCH(表_网址[[#This Row],[重点关键词]],OFFSET(重点关键词!$A$1,MATCH($J82,首要关键词,0)*50-48,MATCH($K82,次要关键词,0),重点关键词数量,1),0)+10) -> 16 | E82: =IF(AND(表_网址[[#This Row],[1级]]=B81,表_网址[[#This Row],[2级]]=C81,表_网址[[#This Row],[3级]]=D81),E81+1,101) -> 119 | F82: 国家保密局 | G82: http://www.gjbmj.gov.cn/ | I82: https://www.google.com/s2/favicons?domain=http://www.gjbmj.gov.cn/ | J82: 政府 | K82: 国务院 | L82: 国家局 | M82: 999
A83: =表_网址[[#This Row],[1级]]&"-"&表_网址[[#This Row],[2级]]&"-"&表_网址[[#This Row],[3级]]&"-"&表_网址[[#This Row],[级内]] -> 101-11-16-120 | B83: =VLOOKUP(表_网址[[#This Row],[首要关键词]],表_首次要关键词[[首要关键词]:[排序]],2,0) -> 101 | C83: =IF(表_网址[[#This Row],[次要关键词]]="",10,MATCH(表_网址[[#This Row],[次要关键词]],次要关键词,0)+10) -> 11 | D83: =IF(表_网址[[#This Row],[重点关键词]]="",10,MATCH(表_网址[[#This Row],[重点关键词]],OFFSET(重点关键词!$A$1,MATCH($J83,首要关键词,0)*50-48,MATCH($K83,次要关键词,0),重点关键词数量,1),0)+10) -> 16 | E83: =IF(AND(表_网址[[#This Row],[1级]]=B82,表_网址[[#This Row],[2级]]=C82,表_网址[[#This Row],[3级]]=D82),E82+1,101) -> 120 | F83: 国家密码管理局 | G83: https://www.oscca.gov.cn/ | I83: https://www.google.com/s2/favicons?domain=https://www.oscca.gov.cn/ | J83: 政府 | K83: 国务院 | L83: 国家局 | M83: 999
A84: =表_网址[[#This Row],[1级]]&"-"&表_网址[[#This Row],[2级]]&"-"&表_网址[[#This Row],[3级]]&"-"&表_网址[[#This Row],[级内]] -> 101-11-17-101 | B84: =VLOOKUP(表_网址[[#This Row],[首要关键词]],表_首次要关键词[[首要关键词]:[排序]],2,0) -> 101 | C84: =IF(表_网址[[#This Row],[次要关键词]]="",10,MATCH(表_网址[[#This Row],[次要关键词]],次要关键词,0)+10) -> 11 | D84: =IF(表_网址[[#This Row],[重点关键词]]="",10,MATCH(表_网址[[#This Row],[重点关键词]],OFFSET(重点关键词!$A$1,MATCH($J84,首要关键词,0)*50-48,MATCH($K84,次要关键词,0),重点关键词数量,1),0)+10) -> 17 | E84: =IF(AND(表_网址[[#This Row],[1级]]=B83,表_网址[[#This Row],[2级]]=C83,表_网址[[#This Row],[3级]]=D83),E83+1,101) -> 101 | F84: 香港中联办 | G84: http://www.locpg.hk/ | H84: 中央人民政府驻香港特别行政区联络办公室 | I84: http://www.locpg.hk/favicon.ico | J84: 政府 | K84: 国务院 | L84: 派出机构 | M84: 999 | P84: 32
A85: =表_网址[[#This Row],[1级]]&"-"&表_网址[[#This Row],[2级]]&"-"&表_网址[[#This Row],[3级]]&"-"&表_网址[[#This Row],[级内]] -> 101-11-17-102 | B85: =VLOOKUP(表_网址[[#This Row],[首要关键词]],表_首次要关键词[[首要关键词]:[排序]],2,0) -> 101 | C85: =IF(表_网址[[#This Row],[次要关键词]]="",10,MATCH(表_网址[[#This Row],[次要关键词]],次要关键词,0)+10) -> 11 | D85: =IF(表_网址[[#This Row],[重点关键词]]="",10,MATCH(表_网址[[#This Row],[重点关键词]],OFFSET(重点关键词!$A$1,MATCH($J85,首要关键词,0)*50-48,MATCH($K85,次要关键词,0),重点关键词数量,1),0)+10) -> 17 | E85: =IF(AND(表_网址[[#This Row],[1级]]=B84,表_网址[[#This Row],[2级]]=C84,表_网址[[#This Row],[3级]]=D84),E84+1,101) -> 102 | F85: 澳门中联办 | G85: http://www.zlb.gov.cn/ | H85: 中央人民政府驻澳门特别行政区联络办公室 | J85: 政府 | K85: 国务院 | L85: 派出机构 | M85: 999
A86: =表_网址[[#This Row],[1级]]&"-"&表_网址[[#This Row],[2级]]&"-"&表_网址[[#This Row],[3级]]&"-"&表_网址[[#This Row],[级内]] -> 101-11-17-103 | B86: =VLOOKUP(表_网址[[#This Row],[首要关键词]],表_首次要关键词[[首要关键词]:[排序]],2,0) -> 101 | C86: =IF(表_网址[[#This Row],[次要关键词]]="",10,MATCH(表_网址[[#This Row],[次要关键词]],次要关键词,0)+10) -> 11 | D86: =IF(表_网址[[#This Row],[重点关键词]]="",10,MATCH(表_网址[[#This Row],[重点关键词]],OFFSET(重点关键词!$A$1,MATCH($J86,首要关键词,0)*50-48,MATCH($K86,次要关键词,0),重点关键词数量,1),0)+10) -> 17 | E86: =IF(AND(表_网址[[#This Row],[1级]]=B85,表_网址[[#This Row],[2级]]=C85,表_网址[[#This Row],[3级]]=D85),E85+1,101) -> 103 | F86: 中央驻港国家安全公署 | H86: 中央人民政府驻香港特别行政区维护国家安全公署 | J86: 政府 | K86: 国务院 | L86: 派出机构
A87: =表_网址[[#This Row],[1级]]&"-"&表_网址[[#This Row],[2级]]&"-"&表_网址[[#This Row],[3级]]&"-"&表_网址[[#This Row],[级内]] -> 102-10-10-101 | B87: =VLOOKUP(表_网址[[#This Row],[首要关键词]],表_首次要关键词[[首要关键词]:[排序]],2,0) -> 102 | C87: =IF(表_网址[[#This Row],[次要关键词]]="",10,MATCH(表_网址[[#This Row],[次要关键词]],次要关键词,0)+10) -> 10 | D87: =IF(表_网址[[#This Row],[重点关键词]]="",10,MATCH(表_网址[[#This Row],[重点关键词]],OFFSET(重点关键词!$A$1,MATCH($J87,首要关键词,0)*50-48,MATCH($K87,次要关键词,0),重点关键词数量,1),0)+10) -> 10 | E87: =IF(AND(表_网址[[#This Row],[1级]]=B86,表_网址[[#This Row],[2级]]=C86,表_网址[[#This Row],[3级]]=D86),E86+1,101) -> 101 | F87: 中国政协网 | G87: http://www.cppcc.gov.cn/ | I87: http://www.cppcc.gov.cn/image/favicon.ico | J87: 政协 | M87: 999 | P87: 16
A88: =表_网址[[#This Row],[1级]]&"-"&表_网址[[#This Row],[2级]]&"-"&表_网址[[#This Row],[3级]]&"-"&表_网址[[#This Row],[级内]] -> 102-11-10-101 | B88: =VLOOKUP(表_网址[[#This Row],[首要关键词]],表_首次要关键词[[首要关键词]:[排序]],2,0) -> 102 | C88: =IF(表_网址[[#This Row],[次要关键词]]="",10,MATCH(表_网址[[#This Row],[次要关键词]],次要关键词,0)+10) -> 11 | D88: =IF(表_网址[[#This Row],[重点关键词]]="",10,MATCH(表_网址[[#This Row],[重点关键词]],OFFSET(重点关键词!$A$1,MATCH($J88,首要关键词,0)*50-48,MATCH($K88,次要关键词,0),重点关键词数量,1),0)+10) -> 10 | E88: =IF(AND(表_网址[[#This Row],[1级]]=B87,表_网址[[#This Row],[2级]]=C87,表_网址[[#This Row],[3级]]=D87),E87+1,101) -> 101 | F88: 北京市政协 | G88: http://www.bjzx.gov.cn/ | I88: http://test1.ttde.cn/bjzx/m/image/favicon.ico | J88: 政协 | K88: 北京市 | M88: 999 | P88: 25
A89: =表_网址[[#This Row],[1级]]&"-"&表_网址[[#This Row],[2级]]&"-"&表_网址[[#This Row],[3级]]&"-"&表_网址[[#This Row],[级内]] -> 102-12-10-101 | B89: =VLOOKUP(表_网址[[#This Row],[首要关键词]],表_首次要关键词[[首要关键词]:[排序]],2,0) -> 102 | C89: =IF(表_网址[[#This Row],[次要关键词]]="",10,MATCH(表_网址[[#This Row],[次要关键词]],次要关键词,0)+10) -> 12 | D89: =IF(表_网址[[#This Row],[重点关键词]]="",10,MATCH(表_网址[[#This Row],[重点关键词]],OFFSET(重点关键词!$A$1,MATCH($J89,首要关键词,0)*50-48,MATCH($K89,次要关键词,0),重点关键词数量,1),0)+10) -> 10 | E89: =IF(AND(表_网址[[#This Row],[1级]]=B88,表_网址[[#This Row],[2级]]=C88,表_网址[[#This Row],[3级]]=D88),E88+1,101) -> 101 | F89: 天津市政协 | G89: http://www.tjszx.gov.cn/ | I89: https://www.google.com/s2/favicons?domain=http://www.tjszx.gov.cn/ | J89: 政协 | K89: 天津市 | M89: 999
A90: =表_网址[[#This Row],[1级]]&"-"&表_网址[[#This Row],[2级]]&"-"&表_网址[[#This Row],[3级]]&"-"&表_网址[[#This Row],[级内]] -> 102-13-10-101 | B90: =VLOOKUP(表_网址[[#This Row],[首要关键词]],表_首次要关键词[[首要关键词]:[排序]],2,0) -> 102 | C90: =IF(表_网址[[#This Row],[次要关键词]]="",10,MATCH(表_网址[[#This Row],[次要关键词]],次要关键词,0)+10) -> 13 | D90: =IF(表_网址[[#This Row],[重点关键词]]="",10,MATCH(表_网址[[#This Row],[重点关键词]],OFFSET(重点关键词!$A$1,MATCH($J90,首要关键词,0)*50-48,MATCH($K90,次要关键词,0),重点关键词数量,1),0)+10) -> 10 | E90: =IF(AND(表_网址[[#This Row],[1级]]=B89,表_网址[[#This Row],[2级]]=C89,表_网址[[#This Row],[3级]]=D89),E89+1,101) -> 101 | F90: 上海市政协 | G90: http://www.shszx.gov.cn/ | I90: https://www.google.com/s2/favicons?domain=http://www.shszx.gov.cn/ | J90: 政协 | K90: 上海市 | M90: 999
A91: =表_网址[[#This Row],[1级]]&"-"&表_网址[[#This Row],[2级]]&"-"&表_网址[[#This Row],[3级]]&"-"&表_网址[[#This Row],[级内]] -> 102-14-10-101 | B91: =VLOOKUP(表_网址[[#This Row],[首要关键词]],表_首次要关键词[[首要关键词]:[排序]],2,0) -> 102 | C91: =IF(表_网址[[#This Row],[次要关键词]]="",10,MATCH(表_网址[[#This Row],[次要关键词]],次要关键词,0)+10) -> 14 | D91: =IF(表_网址[[#This Row],[重点关键词]]="",10,MATCH(表_网址[[#This Row],[重点关键词]],OFFSET(重点关键词!$A$1,MATCH($J91,首要关键词,0)*50-48,MATCH($K91,次要关键词,0),重点关键词数量,1),0)+10) -> 10 | E91: =IF(AND(表_网址[[#This Row],[1级]]=B90,表_网址[[#This Row],[2级]]=C90,表_网址[[#This Row],[3级]]=D90),E90+1,101) -> 101 | F91: 重庆市政协 | G91: http://www.cqzx.gov.cn/ | I91: https://www.google.com/s2/favicons?domain=http://www.cqzx.gov.cn/ | J91: 政协 | K91: 重庆市 | M91: 999
A92: =表_网址[[#This Row],[1级]]&"-"&表_网址[[#This Row],[2级]]&"-"&表_网址[[#This Row],[3级]]&"-"&表_网址[[#This Row],[级内]] -> 102-15-10-101 | B92: =VLOOKUP(表_网址[[#This Row],[首要关键词]],表_首次要关键词[[首要关键词]:[排序]],2,0) -> 102 | C92: =IF(表_网址[[#This Row],[次要关键词]]="",10,MATCH(表_网址[[#This Row],[次要关键词]],次要关键词,0)+10) -> 15 | D92: =IF(表_网址[[#This Row],[重点关键词]]="",10,MATCH(表_网址[[#This Row],[重点关键词]],OFFSET(重点关键词!$A$1,MATCH($J92,首要关键词,0)*50-48,MATCH($K92,次要关键词,0),重点关键词数量,1),0)+10) -> 10 | E92: =IF(AND(表_网址[[#This Row],[1级]]=B91,表_网址[[#This Row],[2级]]=C91,表_网址[[#This Row],[3级]]=D91),E91+1,101) -> 101 | F92: 广西壮族自治区政协 | G92: http://www.gxzx.gov.cn/ | I92: http://www.gxzx.gov.cn/favicon.ico | J92: 政协 | K92: 广西壮族自治区 | M92: 999 | P92: 241
A93: =表_网址[[#This Row],[1级]]&"-"&表_网址[[#This Row],[2级]]&"-"&表_网址[[#This Row],[3级]]&"-"&表_网址[[#This Row],[级内]] -> 102-16-10-101 | B93: =VLOOKUP(表_网址[[#This Row],[首要关键词]],表_首次要关键词[[首要关键词]:[排序]],2,0) -> 102 | C93: =IF(表_网址[[#This Row],[次要关键词]]="",10,MATCH(表_网址[[#This Row],[次要关键词]],次要关键词,0)+10) -> 16 | D93: =IF(表_网址[[#This Row],[重点关键词]]="",10,MATCH(表_网址[[#This Row],[重点关键词]],OFFSET(重点关键词!$A$1,MATCH($J93,首要关键词,0)*50-48,MATCH($K93,次要关键词,0),重点关键词数量,1),0)+10) -> 10 | E93: =IF(AND(表_网址[[#This Row],[1级]]=B92,表_网址[[#This Row],[2级]]=C92,表_网址[[#This Row],[3级]]=D92),E92+1,101) -> 101 | F93: 内蒙古自治区政协 | G93: http://www.nmgzx.gov.cn/webpage/homepage/index.html | I93: http://www.nmgzx.gov.cn/favicon.ico | J93: 政协 | K93: 内蒙古自治区 | M93: 999 | N93: 999 | P93: 268
A94: =表_网址[[#This Row],[1级]]&"-"&表_网址[[#This Row],[2级]]&"-"&表_网址[[#This Row],[3级]]&"-"&表_网址[[#This Row],[级内]] -> 102-17-10-101 | B94: =VLOOKUP(表_网址[[#This Row],[首要关键词]],表_首次要关键词[[首要关键词]:[排序]],2,0) -> 102 | C94: =IF(表_网址[[#This Row],[次要关键词]]="",10,MATCH(表_网址[[#This Row],[次要关键词]],次要关键词,0)+10) -> 17 | D94: =IF(表_网址[[#This Row],[重点关键词]]="",10,MATCH(表_网址[[#This Row],[重点关键词]],OFFSET(重点关键词!$A$1,MATCH($J94,首要关键词,0)*50-48,MATCH($K94,次要关键词,0),重点关键词数量,1),0)+10) -> 10 | E94: =IF(AND(表_网址[[#This Row],[1级]]=B93,表_网址[[#This Row],[2级]]=C93,表_网址[[#This Row],[3级]]=D93),E93+1,101) -> 101 | F94: 宁夏回族自治区政协 | G94: http://www.nxzx.gov.cn/ | I94: https://www.google.com/s2/favicons?domain=http://www.nxzx.gov.cn/ | J94: 政协 | K94: 宁夏回族自治区 | M94: 999
A95: =表_网址[[#This Row],[1级]]&"-"&表_网址[[#This Row],[2级]]&"-"&表_网址[[#This Row],[3级]]&"-"&表_网址[[#This Row],[级内]] -> 102-18-10-101 | B95: =VLOOKUP(表_网址[[#This Row],[首要关键词]],表_首次要关键词[[首要关键词]:[排序]],2,0) -> 102 | C95: =IF(表_网址[[#This Row],[次要关键词]]="",10,MATCH(表_网址[[#This Row],[次要关键词]],次要关键词,0)+10) -> 18 | D95: =IF(表_网址[[#This Row],[重点关键词]]="",10,MATCH(表_网址[[#This Row],[重点关键词]],OFFSET(重点关键词!$A$1,MATCH($J95,首要关键词,0)*50-48,MATCH($K95,次要关键词,0),重点关键词数量,1),0)+10) -> 10 | E95: =IF(AND(表_网址[[#This Row],[1级]]=B94,表_网址[[#This Row],[2级]]=C94,表_网址[[#This Row],[3级]]=D94),E94+1,101) -> 101 | F95: 西藏自治区政协 | G95: http://www.xizangzx.gov.cn/ | I95: http://www.xizangzx.gov.cn/images/favicon.ico | J95: 政协 | K95: 西藏自治区 | M95: 999 | P95: 16
A96: =表_网址[[#This Row],[1级]]&"-"&表_网址[[#This Row],[2级]]&"-"&表_网址[[#This Row],[3级]]&"-"&表_网址[[#This Row],[级内]] -> 102-19-10-101 | B96: =VLOOKUP(表_网址[[#This Row],[首要关键词]],表_首次要关键词[[首要关键词]:[排序]],2,0) -> 102 | C96: =IF(表_网址[[#This Row],[次要关键词]]="",10,MATCH(表_网址[[#This Row],[次要关键词]],次要关键词,0)+10) -> 19 | D96: =IF(表_网址[[#This Row],[重点关键词]]="",10,MATCH(表_网址[[#This Row],[重点关键词]],OFFSET(重点关键词!$A$1,MATCH($J96,首要关键词,0)*50-48,MATCH($K96,次要关键词,0),重点关键词数量,1),0)+10) -> 10 | E96: =IF(AND(表_网址[[#This Row],[1级]]=B95,表_网址[[#This Row],[2级]]=C95,表_网址[[#This Row],[3级]]=D95),E95+1,101) -> 101 | F96: 新疆维吾尔自治区政协 | G96: http://www.xjzx.gov.cn/ | I96: https://www.google.com/s2/favicons?domain=http://www.xjzx.gov.cn/ | J96: 政协 | K96: 新疆维吾尔自治区 | M96: 999
A97: =表_网址[[#This Row],[1级]]&"-"&表_网址[[#This Row],[2级]]&"-"&表_网址[[#This Row],[3级]]&"-"&表_网址[[#This Row],[级内]] -> 102-20-10-101 | B97: =VLOOKUP(表_网址[[#This Row],[首要关键词]],表_首次要关键词[[首要关键词]:[排序]],2,0) -> 102 | C97: =IF(表_网址[[#This Row],[次要关键词]]="",10,MATCH(表_网址[[#This Row],[次要关键词]],次要关键词,0)+10) -> 20 | D97: =IF(表_网址[[#This Row],[重点关键词]]="",10,MATCH(表_网址[[#This Row],[重点关键词]],OFFSET(重点关键词!$A$1,MATCH($J97,首要关键词,0)*50-48,MATCH($K97,次要关键词,0),重点关键词数量,1),0)+10) -> 10 | E97: =IF(AND(表_网址[[#This Row],[1级]]=B96,表_网址[[#This Row],[2级]]=C96,表_网址[[#This Row],[3级]]=D96),E96+1,101) -> 101 | F97: 安徽省政协 | G97: http://www.ahzx.gov.cn/ | I97: https://www.google.com/s2/favicons?domain=http://www.ahzx.gov.cn/ | J97: 政协 | K97: 安徽省 | M97: 999
A98: =表_网址[[#This Row],[1级]]&"-"&表_网址[[#This Row],[2级]]&"-"&表_网址[[#This Row],[3级]]&"-"&表_网址[[#This Row],[级内]] -> 102-21-10-101 | B98: =VLOOKUP(表_网址[[#This Row],[首要关键词]],表_首次要关键词[[首要关键词]:[排序]],2,0) -> 102 | C98: =IF(表_网址[[#This Row],[次要关键词]]="",10,MATCH(表_网址[[#This Row],[次要关键词]],次要关键词,0)+10) -> 21 | D98: =IF(表_网址[[#This Row],[重点关键词]]="",10,MATCH(表_网址[[#This Row],[重点关键词]],OFFSET(重点关键词!$A$1,MATCH($J98,首要关键词,0)*50-48,MATCH($K98,次要关键词,0),重点关键词数量,1),0)+10) -> 10 | E98: =IF(AND(表_网址[[#This Row],[1级]]=B97,表_网址[[#This Row],[2级]]=C97,表_网址[[#This Row],[3级]]=D97),E97+1,101) -> 101 | F98: 福建省政协 | G98: http://www.fjzx.gov.cn/ | I98: http://www.fjzx.gov.cn/r/cms/www/fjszxmhwz/image/favicon.ico | J98: 政协 | K98: 福建省 | M98: 999 | P98: 25
A99: =表_网址[[#This Row],[1级]]&"-"&表_网址[[#This Row],[2级]]&"-"&表_网址[[#This Row],[3级]]&"-"&表_网址[[#This Row],[级内]] -> 102-22-10-101 | B99: =VLOOKUP(表_网址[[#This Row],[首要关键词]],表_首次要关键词[[首要关键词]:[排序]],2,0) -> 102 | C99: =IF(表_网址[[#This Row],[次要关键词]]="",10,MATCH(表_网址[[#This Row],[次要关键词]],次要关键词,0)+10) -> 22 | D99: =IF(表_网址[[#This Row],[重点关键词]]="",10,MATCH(表_网址[[#This Row],[重点关键词]],OFFSET(重点关键词!$A$1,MATCH($J99,首要关键词,0)*50-48,MATCH($K99,次要关键词,0),重点关键词数量,1),0)+10) -> 10 | E99: =IF(AND(表_网址[[#This Row],[1级]]=B98,表_网址[[#This Row],[2级]]=C98,表_网址[[#This Row],[3级]]=D98),E98+1,101) -> 101 | F99: 甘肃省政协 | G99: http://www.gszx.gov.cn/ | I99: http://www.gszx.gov.cn/favicon.ico | J99: 政协 | K99: 甘肃省 | M99: 999 | P99: 32
A100: =表_网址[[#This Row],[1级]]&"-"&表_网址[[#This Row],[2级]]&"-"&表_网址[[#This Row],[3级]]&"-"&表_网址[[#This Row],[级内]] -> 102-23-10-101 | B100: =VLOOKUP(表_网址[[#This Row],[首要关键词]],表_首次要关键词[[首要关键词]:[排序]],2,0) -> 102 | C100: =IF(表_网址[[#This Row],[次要关键词]]="",10,MATCH(表_网址[[#This Row],[次要关键词]],次要关键词,0)+10) -> 23 | D100: =IF(表_网址[[#This Row],[重点关键词]]="",10,MATCH(表_网址[[#This Row],[重点关键词]],OFFSET(重点关键词!$A$1,MATCH($J100,首要关键词,0)*50-48,MATCH($K100,次要关键词,0),重点关键词数量,1),0)+10) -> 10 | E100: =IF(AND(表_网址[[#This Row],[1级]]=B99,表_网址[[#This Row],[2级]]=C99,表_网址[[#This Row],[3级]]=D99),E99+1,101) -> 101 | F100: 广东省政协 | G100: http://www.gdzxb.gov.cn/ | I100: http://www.gdzxb.gov.cn/favicon.ico | J100: 政协 | K100: 广东省 | M100: 999 | P100: 32
...

Sheet Sheet7
A1: 序号 | B1: 1级 | C1: 2级 | D1: 3级 | E1: 级内 | F1: 简称 | G1: 网址 | H1: 描述title | I1: 图标地址 | J1: 首要关键词 | K1: 次要关键词 | L1: 重点关键词 | M1: 判断网址 | N1: 判断图片 | O1: 其他标签 | P1: 图标大小 | Q1: 备案/未备案 | R1: 经营性/非经营性
A2: 101-11-10-101 | B2: 101 | C2: 11 | D2: 10 | E2: 101 | F2: 中国政府网 | G2: http://www.gov.cn/ | H2: 中华人民共和国中央人民政府 | I2: http://www.gov.cn/govweb/xhtml/favicon.ico | J2: 政府 | K2: 国务院 | M2: 999 | N2: 999 | P2: 16
A3: 101-11-10-102 | B3: 101 | C3: 11 | D3: 10 | E3: 102 | F3: 国务院办公厅 | J3: 政府 | K3: 国务院
B4: 101 | C4: 11 | D4: 12 | F4: 外交部 | G4: https://www.fmprc.gov.cn/web/ | I4: https://www.google.com/s2/favicons?domain=https://www.fmprc.gov.cn/web/ | J4: 政府 | K4: 国务院 | L4: 组成部门 | M4: 999
B5: 101 | C5: 11 | D5: 12 | F5: 国防部 | G5: http://www.mod.gov.cn/ | I5: http://www.mod.gov.cn/favicon.ico | J5: 政府 | K5: 国务院 | L5: 组成部门 | M5: 999 | P5: 256
B6: 101 | C6: 11 | D6: 12 | F6: 国家发展和改革委员会 | G6: https://www.ndrc.gov.cn/ | I6: https://www.google.com/s2/favicons?domain=https://www.ndrc.gov.cn/ | J6: 政府 | K6: 国务院 | L6: 组成部门 | M6: 999
B7: 101 | C7: 11 | D7: 12 | F7: 教育部 | G7: http://www.moe.gov.cn/ | I7: http://www.moe.gov.cn/favorite.ico | J7: 政府 | K7: 国务院 | L7: 组成部门 | M7: 999 | P7: 16
B8: 101 | C8: 11 | D8: 12 | F8: (国家语言文字工作委员会) | G8: http://www.moe.gov.cn/jyb_sy/China_Language/ | I8: http://www.moe.gov.cn/favorite.ico | J8: 政府 | K8: 国务院 | L8: 组成部门 | M8: 999 | P8: 16
B9: 101 | C9: 11 | D9: 12 | F9: 科学技术部 | G9: http://www.most.gov.cn/ | I9: http://www.most.gov.cn/favicon.ico | J9: 政府 | K9: 国务院 | L9: 组成部门 | M9: 999 | P9: 16
B10: 101 | C10: 11 | D10: 12 | F10: 工业和信息化部 | G10: https://www.miit.gov.cn/ | I10: https://www.miit.gov.cn/favicon.ico | J10: 政府 | K10: 国务院 | L10: 组成部门 | M10: 999 | N10: 999 | P10: 32
B11: 101 | C11: 11 | D11: 12 | F11: (国家航天局) | G11: http://www.cnsa.gov.cn/ | I11: https://www.google.com/s2/favicons?domain=http://www.cnsa.gov.cn/ | J11: 政府 | K11: 国务院 | L11: 组成部门 | M11: 999
B12: 101 | C12: 11 | D12: 12 | F12: (国家原子能机构) | G12: http://www.caea.gov.cn/ | I12: https://www.google.com/s2/favicons?domain=http://www.caea.gov.cn/ | J12: 政府 | K12: 国务院 | L12: 组成部门 | M12: 999
B13: 101 | C13: 11 | D13: 12 | F13: 国家民族事务委员会 | G13: http://www.neac.gov.cn/ | I13: http://www.neac.gov.cn/favicon.ico | J13: 政府 | K13: 国务院 | L13: 组成部门 | M13: 999 | N13: 999 | P13: 32
B14: 101 | C14: 11 | D14: 12 | F14: 公安部 | G14: https://www.mps.gov.cn/ | I14: https://www.mps.gov.cn/favicon.ico | J14: 政府 | K14: 国务院 | L14: 组成部门 | M14: 999 | N14: 999 | P14: 16
B15: 101 | C15: 11 | D15: 12 | F15: 国家安全部 | J15: 政府 | K15: 国务院 | L15: 组成部门
B16: 101 | C16: 11 | D16: 12 | F16: 民政部 | G16: http://www.mca.gov.cn/ | I16: http://www.mca.gov.cn/favicon.ico | J16: 政府 | K16: 国务院 | L16: 组成部门 | M16: 999 | P16: 16
B17: 101 | C17: 11 | D17: 12 | F17: 司法部 | G17: http://www.moj.gov.cn/ | I17: http://www.legaldaily.com.cn/tongyong/images/2019sfb/2019favicon.ico | J17: 政府 | K17: 国务院 | L17: 组成部门 | M17: 999 | P17: 16
B18: 101 | C18: 11 | D18: 12 | F18: 财政部 | G18: http://www.mof.gov.cn/index.htm | I18: http://www.mof.gov.cn/images/favicon.ico | J18: 政府 | K18: 国务院 | L18: 组成部门 | M18: 999 | P18: 16
B19: 101 | C19: 11 | D19: 12 | F19: 人力资源和社会保障部 | G19: http://www.mohrss.gov.cn/ | I19: https://www.google.com/s2/favicons?domain=http://www.mohrss.gov.cn/ | J19: 政府 | K19: 国务院 | L19: 组成部门 | M19: 999
B20: 101 | C20: 11 | D20: 12 | F20: 自然资源部 | G20: http://www.mnr.gov.cn/ | J20: 政府 | K20: 国务院 | L20: 组成部门
B21: 101 | C21: 11 | D21: 12 | F21: 生态环境部 | G21: http://www.mee.gov.cn/ | I21: http://www.mee.gov.cn/favicon.ico | J21: 政府 | K21: 国务院 | L21: 组成部门 | M21: 999 | N21: 999 | P21: 16
B22: 101 | C22: 11 | D22: 12 | F22: (国家核安全局) | G22: http://nnsa.mee.gov.cn/ | I22: http://nnsa.mee.gov.cn/favicon.ico | J22: 政府 | K22: 国务院 | L22: 组成部门 | M22: 999 | N22: 999 | P22: 16
B23: 101 | C23: 11 | D23: 12 | F23: 住房和城乡建设部 | G23: http://www.mohurd.gov.cn/ | I23: https://www.google.com/s2/favicons?domain=http://www.mohurd.gov.cn/ | J23: 政府 | K23: 国务院 | L23: 组成部门 | M23: 999
B24: 101 | C24: 11 | D24: 12 | F24: 交通运输部 | G24: http://www.mot.gov.cn/ | I24: https://www.google.com/s2/favicons?domain=http://www.mot.gov.cn/ | J24: 政府 | K24: 国务院 | L24: 组成部门 | M24: 999
B25: 101 | C25: 11 | D25: 12 | F25: 水利部 | G25: http://www.mwr.gov.cn/ | I25: http://www.mwr.gov.cn/favicon.ico | J25: 政府 | K25: 国务院 | L25: 组成部门 | M25: 999 | P25: 16
B26: 101 | C26: 11 | D26: 12 | F26: 农业农村部 | G26: http://www.moa.gov.cn/ | I26: http://www.moa.gov.cn/favicon.ico | J26: 政府 | K26: 国务院 | L26: 组成部门 | M26: 999 | P26: 16
B27: 101 | C27: 11 | D27: 12 | F27: 商务部 | G27: http://www.mofcom.gov.cn/ | I27: http://www.mofcom.gov.cn/assets/i/favicon_bak.png | J27: 政府 | K27: 国务院 | L27: 组成部门 | M27: 999 | P27: 32
B28: 101 | C28: 11 | D28: 12 | F28: 文化和旅游部 | G28: https://www.mct.gov.cn/ | I28: https://www.mct.gov.cn/favicon.ico | J28: 政府 | K28: 国务院 | L28: 组成部门 | M28: 999 | N28: 999 | P28: 32
B29: 101 | C29: 11 | D29: 12 | F29: 国家卫生健康委员会 | G29: http://www.nhc.gov.cn/ | I29: https://www.google.com/s2/favicons?domain=http://www.nhc.gov.cn/ | J29: 政府 | K29: 国务院 | L29: 组成部门 | M29: 999
B30: 101 | C30: 11 | D30: 12 | F30: 退役军人事务部 | G30: https://www.mct.gov.cn/ | I30: http://www.mva.gov.cn/favicon.ico | J30: 政府 | K30: 国务院 | L30: 组成部门 | M30: 999 | P30: 16
B31: 101 | C31: 11 | D31: 12 | F31: 应急管理部 | G31: http://www.mem.gov.cn/ | I31: http://www.mem.gov.cn/image/favicon.ico | J31: 政府 | K31: 国务院 | L31: 组成部门 | M31: 999 | N31: 999 | P31: 64
B32: 101 | C32: 11 | D32: 12 | F32: 中国人民银行 | G32: http://www.pbc.gov.cn/ | I32: http://www.pbc.gov.cn/rmyh/uiFramework/commonResource/image/logo.ico | J32: 政府 | K32: 国务院 | L32: 组成部门 | M32: 999 | P32: 16
B33: 101 | C33: 11 | D33: 12 | F33: 审计署 | G33: http://www.audit.gov.cn/ | I33: https://www.google.com/s2/favicons?domain=http://www.audit.gov.cn/ | J33: 政府 | K33: 国务院 | L33: 组成部门 | M33: 999
B34: 101 | C34: 11 | D34: 13 | F34: 国有资产监督管理委员会 | G34: http://www.sasac.gov.cn/ | H34: 国务院国有资产监督管理委员会 | I34: http://www.sasac.gov.cn/dbsource/11869722/11869731.jpg | J34: 政府 | K34: 国务院 | L34: 直属特设机构 | M34: 999 | P34: 30
B35: 101 | C35: 11 | D35: 14 | F35: 海关总署 | G35: http://www.customs.gov.cn/ | I35: https://www.google.com/s2/favicons?domain=http://www.customs.gov.cn/ | J35: 政府 | K35: 国务院 | L35: 直属机构 | M35: 999 | N35: 999
B36: 101 | C36: 11 | D36: 14 | F36: 国家税务总局 | G36: http://www.chinatax.gov.cn/ | I36: https://www.google.com/s2/favicons?domain=http://www.chinatax.gov.cn/ | J36: 政府 | K36: 国务院 | L36: 直属机构 | M36: 999
B37: 101 | C37: 11 | D37: 14 | F37: 国家市场监督管理总局 | G37: http://www.samr.gov.cn/ | I37: http://www.samr.gov.cn/favicon.ico | J37: 政府 | K37: 国务院 | L37: 直属机构 | M37: 999 | P37: 16
B38: 101 | C38: 11 | D38: 14 | F38: (国家认证认可监督管理委员会) | G38: http://www.cnca.gov.cn/ | I38: http://www.cnca.gov.cn/favicon.ico | J38: 政府 | K38: 国务院 | L38: 直属机构 | M38: 999 | P38: 16
B39: 101 | C39: 11 | D39: 14 | F39: (国家标准化管理委员会) | G39: http://www.sac.gov.cn/ | I39: http://www.sac.gov.cn/favicon.ico | J39: 政府 | K39: 国务院 | L39: 直属机构 | M39: 999 | P39: 16
B40: 101 | C40: 11 | D40: 14 | F40: 国家广播电视总局 | G40: http://www.nrta.gov.cn/ | I40: http://www.nrta.gov.cn/favicon.ico | J40: 政府 | K40: 国务院 | L40: 直属机构 | M40: 999 | P40: 32
B41: 101 | C41: 11 | D41: 14 | F41: 国家体育总局 | G41: http://www.sport.gov.cn/ | I41: https://www.google.com/s2/favicons?domain=http://www.sport.gov.cn/ | J41: 政府 | K41: 国务院 | L41: 直属机构 | M41: 999
B42: 101 | C42: 11 | D42: 14 | F42: 国家统计局 | G42: http://www.stats.gov.cn/ | I42: http://www.stats.gov.cn/favicon.ico | J42: 政府 | K42: 国务院 | L42: 直属机构 | M42: 999 | P42: 16
B43: 101 | C43: 11 | D43: 14 | F43: 国家国际发展合作署 | G43: http://www.cidca.gov.cn/ | I43: http://www.cidca.gov.cn/favicon.ico | J43: 政府 | K43: 国务院 | L43: 直属机构 | M43: 999 | P43: 16
B44: 101 | C44: 11 | D44: 14 | F44: 国家医疗保障局 | G44: http://www.nhsa.gov.cn/ | I44: http://www.nhsa.gov.cn/images/1/fp_pic_24.png | J44: 政府 | K44: 国务院 | L44: 直属机构 | M44: 999 | P44: 19
B45: 101 | C45: 11 | D45: 14 | F45: 国务院参事室 | G45: http://www.counsellor.gov.cn/ | I45: https://www.google.com/s2/favicons?domain=http://www.counsellor.gov.cn/ | J45: 政府 | K45: 国务院 | L45: 直属机构 | M45: 999
B46: 101 | C46: 11 | D46: 14 | F46: 国家机关事务管理局 | G46: http://www.ggj.gov.cn/ | I46: https://www.google.com/s2/favicons?domain=http://www.ggj.gov.cn/ | J46: 政府 | K46: 国务院 | L46: 直属机构 | M46: 999
B47: 101 | C47: 11 | D47: 14 | F47: 国家版权局网 | G47: http://www.ncac.gov.cn/ | I47: http://www.ncac.gov.cn/chinacopyright/favicon.ico | J47: 政府 | K47: 国务院 | L47: 直属机构 | M47: 999 | P47: 32
B48: 101 | C48: 11 | D48: 14 | F48: 国家宗教事务局 | G48: http://www.sara.gov.cn/gjzjswjhtml/index.html | I48: https://www.google.com/s2/favicons?domain=http://www.sara.gov.cn/gjzjswjhtml/index.html | J48: 政府 | K48: 国务院 | L48: 直属机构 | M48: 999
B49: 101 | C49: 11 | D49: 15 | F49: 国务院港澳事务办公室 | G49: https://www.hmo.gov.cn/ | I49: https://www.google.com/s2/favicons?domain=https://www.hmo.gov.cn/ | J49: 政府 | K49: 国务院 | L49: 办事机构 | M49: 999
B50: 101 | C50: 11 | D50: 15 | F50: 国务院研究室 | G50: http://www.gov.cn/guoqing/2018-06/22/content_5300522.htm | I50: http://www.gov.cn/govweb/xhtml/favicon.ico | J50: 政府 | K50: 国务院 | L50: 办事机构 | M50: 999 | N50: 999 | P50: 16
B51: 101 | C51: 11 | D51: 15 | F51: 国务院侨务办公室 | G51: http://www.gqb.gov.cn/ | I51: https://www.google.com/s2/favicons?domain=http://www.gqb.gov.cn/ | J51: 政府 | K51: 国务院 | L51: 办事机构 | M51: 999
B52: 101 | C52: 11 | D52: 15 | F52: 国务院台湾事务办公室 | G52: http://www.gwytb.gov.cn/ | I52: https://www.google.com/s2/favicons?domain=http://www.gwytb.gov.cn/ | J52: 政府 | K52: 国务院 | L52: 办事机构 | M52: 999
B53: 101 | C53: 11 | D53: 15 | F53: 中共中央网络安全和信息化委员会办公室 | G53: http://www.cac.gov.cn/ | I53: http://www.cac.gov.cn/favicon.ico | J53: 政府 | K53: 国务院 | L53: 办事机构 | M53: 999 | P53: 16
B54: 101 | C54: 11 | D54: 15 | F54: 国务院新闻办公室 | G54: http://www.scio.gov.cn/index.htm | I54: http://www.scio.gov.cn/favicon.ico | J54: 政府 | K54: 国务院 | L54: 办事机构 | M54: 999 | P54: 256
B55: 101 | C55: 11 | D55: 16 | F55: 新华通讯社 | G55: http://203.192.6.89/xhs/ | I55: https://www.google.com/s2/favicons?domain=http://203.192.6.89/xhs/ | J55: 政府 | K55: 国务院 | L55: 直属事业单位 | M55: 999
B56: 101 | C56: 11 | D56: 16 | F56: 中国科学院 | G56: http://www.cas.ac.cn/ | I56: http://www.cas.cn/lib/images/favicon.ico | J56: 政府 | K56: 国务院 | L56: 直属事业单位 | M56: 999 | N56: 999 | P56: 64
B57: 101 | C57: 11 | D57: 16 | F57: 中国社会科学院 | G57: http://cass.cssn.cn/ | I57: http://cass.cssn.cn/favicon.ico | J57: 政府 | K57: 国务院 | L57: 直属事业单位 | M57: 999 | P57: 16
B58: 101 | C58: 11 | D58: 16 | F58: 中国工程院 | G58: http://www.cae.cn/ | I58: http://www.cae.cn/cae/favicon.ico | J58: 政府 | K58: 国务院 | L58: 直属事业单位 | M58: 999 | N58: 999 | P58: 32
B59: 101 | C59: 11 | D59: 16 | F59: 国务院发展研究中心 | G59: https://www.drc.gov.cn/default.aspx | I59: https://www.google.com/s2/favicons?domain=https://www.drc.gov.cn/default.aspx | J59: 政府 | K59: 国务院 | L59: 直属事业单位 | M59: 999
B60: 101 | C60: 11 | D60: 16 | F60: 中央广播电视总台 | G60: http://www.cnr.cn/ | I60: http://www.cnr.cn/favicon.ico | J60: 政府 | K60: 国务院 | L60: 直属事业单位 | M60: 999 | N60: 999 | P60: 16
B61: 101 | C61: 11 | D61: 16 | F61: 中国气象局 | G61: http://www.cma.gov.cn/ | I61: http://www.cma.gov.cn/favicon.ico | J61: 政府 | K61: 国务院 | L61: 直属事业单位 | M61: 999 | P61: 16
B62: 101 | C62: 11 | D62: 16 | F62: 中国银行保险监督管理委员会 | G62: http://www.cbirc.gov.cn/cn/view/pages/index/index.html | I62: http://www.cbirc.gov.cn/cn/static/favicon.ico | J62: 政府 | K62: 国务院 | L62: 直属事业单位 | M62: 999 | N62: 999 | P62: 128
B63: 101 | C63: 11 | D63: 16 | F63: 中国证券监督管理委员会 | G63: http://www.csrc.gov.cn/pub/newsite/ | I63: https://www.google.com/s2/favicons?domain=http://www.csrc.gov.cn/pub/newsite/ | J63: 政府 | K63: 国务院 | L63: 直属事业单位 | M63: 999
B64: 101 | C64: 11 | D64: 17 | F64: 国家信访局 | G64: https://www.gjxfj.gov.cn/gjxfj/index.htm | I64: https://www.gjxfj.gov.cn/favicon.ico | J64: 政府 | K64: 国务院 | L64: 国家局 | M64: 999 | N64: 999 | P64: 32
B65: 101 | C65: 11 | D65: 17 | F65: 国家粮食和物资储备局 | G65: http://www.lswz.gov.cn/ | I65: http://www.lswz.gov.cn/html/xhtml/images/favicon.ico | J65: 政府 | K65: 国务院 | L65: 国家局 | M65: 999 | P65: 16
B66: 101 | C66: 11 | D66: 17 | F66: 国家能源局 | G66: http://www.nea.gov.cn/ | I66: https://www.google.com/s2/favicons?domain=http://www.nea.gov.cn/ | J66: 政府 | K66: 国务院 | L66: 国家局 | M66: 999
B67: 101 | C67: 11 | D67: 17 | F67: 国家国防科技工业局 | G67: http://www.sastind.gov.cn/ | I67: https://www.google.com/s2/favicons?domain=http://www.sastind.gov.cn/ | J67: 政府 | K67: 国务院 | L67: 国家局 | M67: 999
B68: 101 | C68: 11 | D68: 17 | F68: 国家烟草专卖局 | G68: http://www.tobacco.gov.cn/gjyc/index.shtml | I68: https://www.google.com/s2/favicons?domain=http://www.tobacco.gov.cn/gjyc/index.shtml | J68: 政府 | K68: 国务院 | L68: 国家局 | M68: 999
B69: 101 | C69: 11 | D69: 17 | F69: 国家移民管理局 | G69: https://www.nia.gov.cn/ | I69: https://www.nia.gov.cn/titlepic/new-guohui.ico | J69: 政府 | K69: 国务院 | L69: 国家局 | M69: 999 | N69: 999 | P69: 1024
B70: 101 | C70: 11 | D70: 17 | F70: 国家林业和草原局 | G70: http://www.forestry.gov.cn/ | I70: http://www.forestry.gov.cn/favicon.ico | J70: 政府 | K70: 国务院 | L70: 国家局 | M70: 999 | P70: 53
B71: 101 | C71: 11 | D71: 17 | F71: (国家公园管理局) | G71: http://www.forestry.gov.cn/ | I71: http://www.forestry.gov.cn/favicon.ico | J71: 政府 | K71: 国务院 | L71: 国家局 | M71: 999 | P71: 53
B72: 101 | C72: 11 | D72: 17 | F72: 国家铁路局 | G72: http://www.nra.gov.cn/ | I72: https://www.google.com/s2/favicons?domain=http://www.nra.gov.cn/ | J72: 政府 | K72: 国务院 | L72: 国家局 | M72: 999
B73: 101 | C73: 11 | D73: 17 | F73: 中国民用航空局 | G73: http://www.caac.gov.cn/index.html | I73: http://www.caac.gov.cn/images/favicon.png | J73: 政府 | K73: 国务院 | L73: 国家局 | M73: 999 | P73: 197
B74: 101 | C74: 11 | D74: 17 | F74: 国家邮政局 | G74: http://www.spb.gov.cn/ | I74: https://www.google.com/s2/favicons?domain=http://www.spb.gov.cn/ | J74: 政府 | K74: 国务院 | L74: 国家局 | M74: 999
B75: 101 | C75: 11 | D75: 17 | F75: 国家文物局 | G75: http://www.ncha.gov.cn/ | I75: https://www.google.com/s2/favicons?domain=http://www.ncha.gov.cn/ | J75: 政府 | K75: 国务院 | L75: 国家局 | M75: 999
B76: 101 | C76: 11 | D76: 17 | F76: 国家中医药管理局 | G76: http://www.satcm.gov.cn/ | I76: http://www.satcm.gov.cn/favicon.ico | J76: 政府 | K76: 国务院 | L76: 国家局 | M76: 999 | P76: 256
B77: 101 | C77: 11 | D77: 17 | F77: 国家矿山安全监察局 | G77: http://www.chinacoal-safety.gov.cn/ | J77: 政府 | K77: 国务院 | L77: 国家局 | M77: 999
B78: 101 | C78: 11 | D78: 17 | F78: 国家外汇管理局 | G78: http://www.safe.gov.cn/ | I78: http://www.safe.gov.cn/safe/templateresource/372b1dfdab204181b9b4f943a8e926a6/images/safe.ico | J78: 政府 | K78: 国务院 | L78: 国家局 | M78: 999 | P78: 32
B79: 101 | C79: 11 | D79: 17 | F79: 国家药品监督管理局 | G79: https://www.nmpa.gov.cn/ | I79: https://www.nmpa.gov.cn/wbppimages/favicon.ico | J79: 政府 | K79: 国务院 | L79: 国家局 | M79: 999 | N79: 999 | P79: 16
B80: 101 | C80: 11 | D80: 17 | F80: 国家知识产权局 | G80: https://www.cnipa.gov.cn/ | I80: https://www.cnipa.gov.cn/favicon.ico | J80: 政府 | K80: 国务院 | L80: 国家局 | M80: 999 | N80: 999 | P80: 128
B81: 101 | C81: 11 | D81: 17 | F81: 国家档案局 | G81: https://www.saac.gov.cn/ | I81: https://www.google.com/s2/favicons?domain=https://www.saac.gov.cn/ | J81: 政府 | K81: 国务院 | L81: 国家局 | M81: 999
B82: 101 | C82: 11 | D82: 17 | F82: 国家保密局 | G82: http://www.gjbmj.gov.cn/ | I82: https://www.google.com/s2/favicons?domain=http://www.gjbmj.gov.cn/ | J82: 政府 | K82: 国务院 | L82: 国家局 | M82: 999
B83: 101 | C83: 11 | D83: 17 | F83: 国家密码管理局 | G83: https://www.oscca.gov.cn/ | I83: https://www.google.com/s2/favicons?domain=https://www.oscca.gov.cn/ | J83: 政府 | K83: 国务院 | L83: 国家局 | M83: 999
B84: 101 | C84: 11 | D84: 18 | F84: 香港中联办 | G84: http://www.locpg.hk/ | H84: 中央人民政府驻香港特别行政区联络办公室 | I84: http://www.locpg.hk/favicon.ico | J84: 政府 | K84: 国务院 | L84: 派出机构 | M84: 999 | P84: 32
B85: 101 | C85: 11 | D85: 18 | F85: 澳门中联办 | G85: http://www.zlb.gov.cn/ | H85: 中央人民政府驻澳门特别行政区联络办公室 | J85: 政府 | K85: 国务院 | L85: 派出机构 | M85: 999
B86: 101 | C86: 11 | D86: #N/A | F86: 中央驻港国家安全公署 | H86: 中央人民政府驻香港特别行政区维护国家安全公署 | J86: 政府 | K86: 国务院 | L86: 派出机构
B87: 102 | C87: 10 | D87: 10 | F87: 中国政协网 | G87: http://www.cppcc.gov.cn/ | I87: http://www.cppcc.gov.cn/image/favicon.ico | J87: 政协 | M87: 999 | P87: 16
B88: 102 | C88: 11 | D88: 10 | F88: 北京市政协 | G88: http://www.bjzx.gov.cn/ | I88: http://test1.ttde.cn/bjzx/m/image/favicon.ico | J88: 政协 | K88: 北京市 | M88: 999 | P88: 25
B89: 102 | C89: 12 | D89: 10 | F89: 天津市政协 | G89: http://www.tjszx.gov.cn/ | I89: https://www.google.com/s2/favicons?domain=http://www.tjszx.gov.cn/ | J89: 政协 | K89: 天津市 | M89: 999
B90: 102 | C90: 13 | D90: 10 | F90: 上海市政协 | G90: http://www.shszx.gov.cn/ | I90: https://www.google.com/s2/favicons?domain=http://www.shszx.gov.cn/ | J90: 政协 | K90: 上海市 | M90: 999
B91: 102 | C91: 14 | D91: 10 | F91: 重庆市政协 | G91: http://www.cqzx.gov.cn/ | I91: https://www.google.com/s2/favicons?domain=http://www.cqzx.gov.cn/ | J91: 政协 | K91: 重庆市 | M91: 999
B92: 102 | C92: 15 | D92: 10 | F92: 广西壮族自治区政协 | G92: http://www.gxzx.gov.cn/ | I92: http://www.gxzx.gov.cn/favicon.ico | J92: 政协 | K92: 广西壮族自治区 | M92: 999 | P92: 241
B93: 102 | C93: 16 | D93: 10 | F93: 内蒙古自治区政协 | G93: http://www.nmgzx.gov.cn/webpage/homepage/index.html | I93: http://www.nmgzx.gov.cn/favicon.ico | J93: 政协 | K93: 内蒙古自治区 | M93: 999 | N93: 999 | P93: 268
B94: 102 | C94: 17 | D94: 10 | F94: 宁夏回族自治区政协 | G94: http://www.nxzx.gov.cn/ | I94: https://www.google.com/s2/favicons?domain=http://www.nxzx.gov.cn/ | J94: 政协 | K94: 宁夏回族自治区 | M94: 999
B95: 102 | C95: 18 | D95: 10 | F95: 西藏自治区政协 | G95: http://www.xizangzx.gov.cn/ | I95: http://www.xizangzx.gov.cn/images/favicon.ico | J95: 政协 | K95: 西藏自治区 | M95: 999 | P95: 16
B96: 102 | C96: 19 | D96: 10 | F96: 新疆维吾尔自治区政协 | G96: http://www.xjzx.gov.cn/ | I96: https://www.google.com/s2/favicons?domain=http://www.xjzx.gov.cn/ | J96: 政协 | K96: 新疆维吾尔自治区 | M96: 999
B97: 102 | C97: 20 | D97: 10 | F97: 安徽省政协 | G97: http://www.ahzx.gov.cn/ | I97: https://www.google.com/s2/favicons?domain=http://www.ahzx.gov.cn/ | J97: 政协 | K97: 安徽省 | M97: 999
B98: 102 | C98: 21 | D98: 10 | F98: 福建省政协 | G98: http://www.fjzx.gov.cn/ | I98: http://www.fjzx.gov.cn/r/cms/www/fjszxmhwz/image/favicon.ico | J98: 政协 | K98: 福建省 | M98: 999 | P98: 25
B99: 102 | C99: 22 | D99: 10 | F99: 甘肃省政协 | G99: http://www.gszx.gov.cn/ | I99: http://www.gszx.gov.cn/favicon.ico | J99: 政协 | K99: 甘肃省 | M99: 999 | P99: 32
B100: 102 | C100: 23 | D100: 10 | F100: 广东省政协 | G100: http://www.gdzxb.gov.cn/ | I100: http://www.gdzxb.gov.cn/favicon.ico | J100: 政协 | K100: 广东省 | M100: 999 | P100: 32
...

Sheet Sheet2
A1: - | B1: 一级 | C1: 二级 | D1: 三级 | E1: 级内 | F1: 简称 | G1: 网址 | H1: 描述title | I1: https://www.google.com/s2/favicons?domain= | J1: 主要关键词 | K1: 次要关键词 | L1: 关键词 | N1: 判断网址 | O1: 判断图片 | P1: 其他标签 | Q1: 图标大小 | R1: 备案/未备案 | S1: 经营性/非经营性
A2: #REF! | B2: 101 | C2: #REF! | D2: #VALUE! | E2: 10001 | F2: 中国政府网 | G2: http://www.gov.cn/ | H2: 中华人民共和国中央人民政府 | I2: http://www.gov.cn/govweb/xhtml/favicon.ico | J2: 政府 | N2: 999 | O2: 999 | Q2: 16
A3: #REF! | B3: 101 | C3: #REF! | D3: #VALUE! | E3: 10002 | F3: 国务院办公厅 | J3: 政府 | K3: 国务院
A4: #REF! | B4: 101 | C4: #REF! | D4: #VALUE! | E4: 10003 | F4: 外交部 | G4: https://www.fmprc.gov.cn/web/ | I4: https://www.google.com/s2/favicons?domain=https://www.fmprc.gov.cn/web/ | J4: 政府 | K4: 国务院 | L4: 组成部门 | N4: 999
A5: #REF! | B5: 101 | C5: #REF! | D5: #VALUE! | E5: 10004 | F5: 国防部 | G5: http://www.mod.gov.cn/ | I5: http://www.mod.gov.cn/favicon.ico | J5: 政府 | K5: 国务院 | L5: 组成部门 | N5: 999 | Q5: 256
A6: #REF! | B6: 101 | C6: #REF! | D6: #VALUE! | E6: 10005 | F6: 国家发展和改革委员会 | G6: https://www.ndrc.gov.cn/ | I6: https://www.google.com/s2/favicons?domain=https://www.ndrc.gov.cn/ | J6: 政府 | K6: 国务院 | L6: 组成部门 | N6: 999
A7: #REF! | B7: 101 | C7: #REF! | D7: #VALUE! | E7: 10006 | F7: 教育部 | G7: http://www.moe.gov.cn/ | I7: http://www.moe.gov.cn/favorite.ico | J7: 政府 | K7: 国务院 | L7: 组成部门 | N7: 999 | Q7: 16
A8: #REF! | B8: 101 | C8: #REF! | D8: #VALUE! | E8: 10007 | F8: (国家语言文字工作委员会) | G8: http://www.moe.gov.cn/jyb_sy/China_Language/ | I8: http://www.moe.gov.cn/favorite.ico | J8: 政府 | K8: 国务院 | L8: 组成部门 | N8: 999 | Q8: 16
A9: #REF! | B9: 101 | C9: #REF! | D9: #VALUE! | E9: 10008 | F9: 科学技术部 | G9: http://www.most.gov.cn/ | I9: http://www.most.gov.cn/favicon.ico | J9: 政府 | K9: 国务院 | L9: 组成部门 | N9: 999 | Q9: 16
A10: #REF! | B10: 101 | C10: #REF! | D10: #VALUE! | E10: 10009 | F10: 工业和信息化部 | G10: https://www.miit.gov.cn/ | I10: https://www.miit.gov.cn/favicon.ico | J10: 政府 | K10: 国务院 | L10: 组成部门 | N10: 999 | O10: 999 | Q10: 32
A11: #REF! | B11: 101 | C11: #REF! | D11: #VALUE! | E11: 10010 | F11: (国家航天局) | G11: http://www.cnsa.gov.cn/ | I11: https://www.google.com/s2/favicons?domain=http://www.cnsa.gov.cn/ | J11: 政府 | K11: 国务院 | L11: 组成部门 | N11: 999
A12: #REF! | B12: 101 | C12: #REF! | D12: #VALUE! | E12: 10011 | F12: (国家原子能机构) | G12: http://www.caea.gov.cn/ | I12: https://www.google.com/s2/favicons?domain=http://www.caea.gov.cn/ | J12: 政府 | K12: 国务院 | L12: 组成部门 | N12: 999
A13: #REF! | B13: 101 | C13: #REF! | D13: #VALUE! | E13: 10012 | F13: 国家民族事务委员会 | G13: http://www.neac.gov.cn/ | I13: http://www.neac.gov.cn/favicon.ico | J13: 政府 | K13: 国务院 | L13: 组成部门 | N13: 999 | O13: 999 | Q13: 32
A14: #REF! | B14: 101 | C14: #REF! | D14: #VALUE! | E14: 10013 | F14: 公安部 | G14: https://www.mps.gov.cn/ | I14: https://www.mps.gov.cn/favicon.ico | J14: 政府 | K14: 国务院 | L14: 组成部门 | N14: 999 | O14: 999 | Q14: 16
A15: #REF! | B15: 101 | C15: #REF! | D15: #VALUE! | E15: 10014 | F15: 国家安全部 | J15: 政府 | K15: 国务院 | L15: 组成部门
A16: #REF! | B16: 101 | C16: #REF! | D16: #VALUE! | E16: 10015 | F16: 民政部 | G16: http://www.mca.gov.cn/ | I16: http://www.mca.gov.cn/favicon.ico | J16: 政府 | K16: 国务院 | L16: 组成部门 | N16: 999 | Q16: 16
A17: #REF! | B17: 101 | C17: #REF! | D17: #VALUE! | E17: 10016 | F17: 司法部 | G17: http://www.moj.gov.cn/ | I17: http://www.legaldaily.com.cn/tongyong/images/2019sfb/2019favicon.ico | J17: 政府 | K17: 国务院 | L17: 组成部门 | N17: 999 | Q17: 16
A18: #REF! | B18: 101 | C18: #REF! | D18: #VALUE! | E18: 10017 | F18: 财政部 | G18: http://www.mof.gov.cn/index.htm | I18: http://www.mof.gov.cn/images/favicon.ico | J18: 政府 | K18: 国务院 | L18: 组成部门 | N18: 999 | Q18: 16
A19: #REF! | B19: 101 | C19: #REF! | D19: #VALUE! | E19: 10018 | F19: 人力资源和社会保障部 | G19: http://www.mohrss.gov.cn/ | I19: https://www.google.com/s2/favicons?domain=http://www.mohrss.gov.cn/ | J19: 政府 | K19: 国务院 | L19: 组成部门 | N19: 999
A20: #REF! | B20: 101 | C20: #REF! | D20: #VALUE! | E20: 10019 | F20: 自然资源部 | G20: http://www.mnr.gov.cn/ | J20: 政府 | K20: 国务院 | L20: 组成部门
A21: #REF! | B21: 101 | C21: #REF! | D21: #VALUE! | E21: 10020 | F21: 生态环境部 | G21: http://www.mee.gov.cn/ | I21: http://www.mee.gov.cn/favicon.ico | J21: 政府 | K21: 国务院 | L21: 组成部门 | N21: 999 | O21: 999 | Q21: 16
A22: #REF! | B22: 101 | C22: #REF! | D22: #VALUE! | E22: 10021 | F22: (国家核安全局) | G22: http://nnsa.mee.gov.cn/ | I22: http://nnsa.mee.gov.cn/favicon.ico | J22: 政府 | K22: 国务院 | L22: 组成部门 | N22: 999 | O22: 999 | Q22: 16
A23: #REF! | B23: 101 | C23: #REF! | D23: #VALUE! | E23: 10022 | F23: 住房和城乡建设部 | G23: http://www.mohurd.gov.cn/ | I23: https://www.google.com/s2/favicons?domain=http://www.mohurd.gov.cn/ | J23: 政府 | K23: 国务院 | L23: 组成部门 | N23: 999
A24: #REF! | B24: 101 | C24: #REF! | D24: #VALUE! | E24: 10023 | F24: 交通运输部 | G24: http://www.mot.gov.cn/ | I24: https://www.google.com/s2/favicons?domain=http://www.mot.gov.cn/ | J24: 政府 | K24: 国务院 | L24: 组成部门 | N24: 999
A25: #REF! | B25: 101 | C25: #REF! | D25: #VALUE! | E25: 10024 | F25: 水利部 | G25: http://www.mwr.gov.cn/ | I25: http://www.mwr.gov.cn/favicon.ico | J25: 政府 | K25: 国务院 | L25: 组成部门 | N25: 999 | Q25: 16
A26: #REF! | B26: 101 | C26: #REF! | D26: #VALUE! | E26: 10025 | F26: 农业农村部 | G26: http://www.moa.gov.cn/ | I26: http://www.moa.gov.cn/favicon.ico | J26: 政府 | K26: 国务院 | L26: 组成部门 | N26: 999 | Q26: 16
A27: #REF! | B27: 101 | C27: #REF! | D27: #VALUE! | E27: 10026 | F27: 商务部 | G27: http://www.mofcom.gov.cn/ | I27: http://www.mofcom.gov.cn/assets/i/favicon_bak.png | J27: 政府 | K27: 国务院 | L27: 组成部门 | N27: 999 | Q27: 32
A28: #REF! | B28: 101 | C28: #REF! | D28: #VALUE! | E28: 10027 | F28: 文化和旅游部 | G28: https://www.mct.gov.cn/ | I28: https://www.mct.gov.cn/favicon.ico | J28: 政府 | K28: 国务院 | L28: 组成部门 | N28: 999 | O28: 999 | Q28: 32
A29: #REF! | B29: 101 | C29: #REF! | D29: #VALUE! | E29: 10028 | F29: 国家卫生健康委员会 | G29: http://www.nhc.gov.cn/ | I29: https://www.google.com/s2/favicons?domain=http://www.nhc.gov.cn/ | J29: 政府 | K29: 国务院 | L29: 组成部门 | N29: 999
A30: #REF! | B30: 101 | C30: #REF! | D30: #VALUE! | E30: 10029 | F30: 退役军人事务部 | G30: https://www.mct.gov.cn/ | I30: http://www.mva.gov.cn/favicon.ico | J30: 政府 | K30: 国务院 | L30: 组成部门 | N30: 999 | Q30: 16
A31: #REF! | B31: 101 | C31: #REF! | D31: #VALUE! | E31: 10030 | F31: 应急管理部 | G31: http://www.mem.gov.cn/ | I31: http://www.mem.gov.cn/image/favicon.ico | J31: 政府 | K31: 国务院 | L31: 组成部门 | N31: 999 | O31: 999 | Q31: 64
A32: #REF! | B32: 101 | C32: #REF! | D32: #VALUE! | E32: 10031 | F32: 中国人民银行 | G32: http://www.pbc.gov.cn/ | I32: http://www.pbc.gov.cn/rmyh/uiFramework/commonResource/image/logo.ico | J32: 政府 | K32: 国务院 | L32: 组成部门 | N32: 999 | Q32: 16
A33: #REF! | B33: 101 | C33: #REF! | D33: #VALUE! | E33: 10032 | F33: 审计署 | G33: http://www.audit.gov.cn/ | I33: https://www.google.com/s2/favicons?domain=http://www.audit.gov.cn/ | J33: 政府 | K33: 国务院 | L33: 组成部门 | N33: 999
A34: #REF! | B34: 101 | C34: #REF! | D34: #VALUE! | E34: 10033 | F34: 国有资产监督管理委员会 | G34: http://www.sasac.gov.cn/ | H34: 国务院国有资产监督管理委员会 | I34: http://www.sasac.gov.cn/dbsource/11869722/11869731.jpg | J34: 政府 | K34: 国务院 | L34: 直属特设机构 | N34: 999 | Q34: 30
A35: #REF! | B35: 101 | C35: #REF! | D35: #VALUE! | E35: 10034 | F35: 海关总署 | G35: http://www.customs.gov.cn/ | I35: https://www.google.com/s2/favicons?domain=http://www.customs.gov.cn/ | J35: 政府 | K35: 国务院 | L35: 直属机构 | N35: 999 | O35: 999
A36: #REF! | B36: 101 | C36: #REF! | D36: #VALUE! | E36: 10035 | F36: 国家税务总局 | G36: http://www.chinatax.gov.cn/ | I36: https://www.google.com/s2/favicons?domain=http://www.chinatax.gov.cn/ | J36: 政府 | K36: 国务院 | L36: 直属机构 | N36: 999
A37: #REF! | B37: 101 | C37: #REF! | D37: #VALUE! | E37: 10036 | F37: 国家市场监督管理总局 | G37: http://www.samr.gov.cn/ | I37: http://www.samr.gov.cn/favicon.ico | J37: 政府 | K37: 国务院 | L37: 直属机构 | N37: 999 | Q37: 16
A38: #REF! | B38: 101 | C38: #REF! | D38: #VALUE! | E38: 10037 | F38: (国家认证认可监督管理委员会) | G38: http://www.cnca.gov.cn/ | I38: http://www.cnca.gov.cn/favicon.ico | J38: 政府 | K38: 国务院 | L38: 直属机构 | N38: 999 | Q38: 16
A39: #REF! | B39: 101 | C39: #REF! | D39: #VALUE! | E39: 10038 | F39: (国家标准化管理委员会) | G39: http://www.sac.gov.cn/ | I39: http://www.sac.gov.cn/favicon.ico | J39: 政府 | K39: 国务院 | L39: 直属机构 | N39: 999 | Q39: 16
A40: #REF! | B40: 101 | C40: #REF! | D40: #VALUE! | E40: 10039 | F40: 国家广播电视总局 | G40: http://www.nrta.gov.cn/ | I40: http://www.nrta.gov.cn/favicon.ico | J40: 政府 | K40: 国务院 | L40: 直属机构 | N40: 999 | Q40: 32
A41: #REF! | B41: 101 | C41: #REF! | D41: #VALUE! | E41: 10040 | F41: 国家体育总局 | G41: http://www.sport.gov.cn/ | I41: https://www.google.com/s2/favicons?domain=http://www.sport.gov.cn/ | J41: 政府 | K41: 国务院 | L41: 直属机构 | N41: 999
A42: #REF! | B42: 101 | C42: #REF! | D42: #VALUE! | E42: 10041 | F42: 国家统计局 | G42: http://www.stats.gov.cn/ | I42: http://www.stats.gov.cn/favicon.ico | J42: 政府 | K42: 国务院 | L42: 直属机构 | N42: 999 | Q42: 16
A43: #REF! | B43: 101 | C43: #REF! | D43: #VALUE! | E43: 10042 | F43: 国家国际发展合作署 | G43: http://www.cidca.gov.cn/ | I43: http://www.cidca.gov.cn/favicon.ico | J43: 政府 | K43: 国务院 | L43: 直属机构 | N43: 999 | Q43: 16
A44: #REF! | B44: 101 | C44: #REF! | D44: #VALUE! | E44: 10043 | F44: 国家医疗保障局 | G44: http://www.nhsa.gov.cn/ | I44: http://www.nhsa.gov.cn/images/1/fp_pic_24.png | J44: 政府 | K44: 国务院 | L44: 直属机构 | N44: 999 | Q44: 19
A45: #REF! | B45: 101 | C45: #REF! | D45: #VALUE! | E45: 10044 | F45: 国务院参事室 | G45: http://www.counsellor.gov.cn/ | I45: https://www.google.com/s2/favicons?domain=http://www.counsellor.gov.cn/ | J45: 政府 | K45: 国务院 | L45: 直属机构 | N45: 999
A46: #REF! | B46: 101 | C46: #REF! | D46: #VALUE! | E46: 10045 | F46: 国家机关事务管理局 | G46: http://www.ggj.gov.cn/ | I46: https://www.google.com/s2/favicons?domain=http://www.ggj.gov.cn/ | J46: 政府 | K46: 国务院 | L46: 直属机构 | N46: 999
A47: #REF! | B47: 101 | C47: #REF! | D47: #VALUE! | E47: 10046 | F47: 国家版权局网 | G47: http://www.ncac.gov.cn/ | I47: http://www.ncac.gov.cn/chinacopyright/favicon.ico | J47: 政府 | K47: 国务院 | L47: 直属机构 | N47: 999 | Q47: 32
A48: #REF! | B48: 101 | C48: #REF! | D48: #VALUE! | E48: 10047 | F48: 国家宗教事务局 | G48: http://www.sara.gov.cn/gjzjswjhtml/index.html | I48: https://www.google.com/s2/favicons?domain=http://www.sara.gov.cn/gjzjswjhtml/index.html | J48: 政府 | K48: 国务院 | L48: 直属机构 | N48: 999
A49: #REF! | B49: 101 | C49: #REF! | D49: #VALUE! | E49: 10048 | F49: 国务院港澳事务办公室 | G49: https://www.hmo.gov.cn/ | I49: https://www.google.com/s2/favicons?domain=https://www.hmo.gov.cn/ | J49: 政府 | K49: 国务院 | L49: 办事机构 | N49: 999
A50: #REF! | B50: 101 | C50: #REF! | D50: #VALUE! | E50: 10049 | F50: 国务院研究室 | G50: http://www.gov.cn/guoqing/2018-06/22/content_5300522.htm | I50: http://www.gov.cn/govweb/xhtml/favicon.ico | J50: 政府 | K50: 国务院 | L50: 办事机构 | N50: 999 | O50: 999 | Q50: 16
A51: #REF! | B51: 101 | C51: #REF! | D51: #VALUE! | E51: 10050 | F51: 国务院侨务办公室 | G51: http://www.gqb.gov.cn/ | I51: https://www.google.com/s2/favicons?domain=http://www.gqb.gov.cn/ | J51: 政府 | K51: 国务院 | L51: 办事机构 | N51: 999
A52: #REF! | B52: 101 | C52: #REF! | D52: #VALUE! | E52: 10051 | F52: 国务院台湾事务办公室 | G52: http://www.gwytb.gov.cn/ | I52: https://www.google.com/s2/favicons?domain=http://www.gwytb.gov.cn/ | J52: 政府 | K52: 国务院 | L52: 办事机构 | N52: 999
A53: #REF! | B53: 101 | C53: #REF! | D53: #VALUE! | E53: 10052 | F53: 中共中央网络安全和信息化委员会办公室 | G53: http://www.cac.gov.cn/ | I53: http://www.cac.gov.cn/favicon.ico | J53: 政府 | K53: 国务院 | L53: 办事机构 | N53: 999 | Q53: 16
A54: #REF! | B54: 101 | C54: #REF! | D54: #VALUE! | E54: 10053 | F54: 国务院新闻办公室 | G54: http://www.scio.gov.cn/index.htm | I54: http://www.scio.gov.cn/favicon.ico | J54: 政府 | K54: 国务院 | L54: 办事机构 | N54: 999 | Q54: 256
A55: #REF! | B55: 101 | C55: #REF! | D55: #VALUE! | E55: 10054 | F55: 新华通讯社 | G55: http://203.192.6.89/xhs/ | I55: https://www.google.com/s2/favicons?domain=http://203.192.6.89/xhs/ | J55: 政府 | K55: 国务院 | L55: 直属事业单位 | N55: 999
A56: #REF! | B56: 101 | C56: #REF! | D56: #VALUE! | E56: 10055 | F56: 中国科学院 | G56: http://www.cas.ac.cn/ | I56: http://www.cas.cn/lib/images/favicon.ico | J56: 政府 | K56: 国务院 | L56: 直属事业单位 | N56: 999 | O56: 999 | Q56: 64
A57: #REF! | B57: 101 | C57: #REF! | D57: #VALUE! | E57: 10056 | F57: 中国社会科学院 | G57: http://cass.cssn.cn/ | I57: http://cass.cssn.cn/favicon.ico | J57: 政府 | K57: 国务院 | L57: 直属事业单位 | N57: 999 | Q57: 16
A58: #REF! | B58: 101 | C58: #REF! | D58: #VALUE! | E58: 10057 | F58: 中国工程院 | G58: http://www.cae.cn/ | I58: http://www.cae.cn/cae/favicon.ico | J58: 政府 | K58: 国务院 | L58: 直属事业单位 | N58: 999 | O58: 999 | Q58: 32
A59: #REF! | B59: 101 | C59: #REF! | D59: #VALUE! | E59: 10058 | F59: 国务院发展研究中心 | G59: https://www.drc.gov.cn/default.aspx | I59: https://www.google.com/s2/favicons?domain=https://www.drc.gov.cn/default.aspx | J59: 政府 | K59: 国务院 | L59: 直属事业单位 | N59: 999
A60: #REF! | B60: 101 | C60: #REF! | D60: #VALUE! | E60: 10059 | F60: 中央广播电视总台 | G60: http://www.cnr.cn/ | I60: http://www.cnr.cn/favicon.ico | J60: 政府 | K60: 国务院 | L60: 直属事业单位 | N60: 999 | O60: 999 | Q60: 16
A61: #REF! | B61: 101 | C61: #REF! | D61: #VALUE! | E61: 10060 | F61: 中国气象局 | G61: http://www.cma.gov.cn/ | I61: http://www.cma.gov.cn/favicon.ico | J61: 政府 | K61: 国务院 | L61: 直属事业单位 | N61: 999 | Q61: 16
A62: #REF! | B62: 101 | C62: #REF! | D62: #VALUE! | E62: 10061 | F62: 中国银行保险监督管理委员会 | G62: http://www.cbirc.gov.cn/cn/view/pages/index/index.html | I62: http://www.cbirc.gov.cn/cn/static/favicon.ico | J62: 政府 | K62: 国务院 | L62: 直属事业单位 | N62: 999 | O62: 999 | Q62: 128
A63: #REF! | B63: 101 | C63: #REF! | D63: #VALUE! | E63: 10062 | F63: 中国证券监督管理委员会 | G63: http://www.csrc.gov.cn/pub/newsite/ | I63: https://www.google.com/s2/favicons?domain=http://www.csrc.gov.cn/pub/newsite/ | J63: 政府 | K63: 国务院 | L63: 直属事业单位 | N63: 999
A64: #REF! | B64: 101 | C64: #REF! | D64: #VALUE! | E64: 10063 | F64: 国家信访局 | G64: https://www.gjxfj.gov.cn/gjxfj/index.htm | I64: https://www.gjxfj.gov.cn/favicon.ico | J64: 政府 | K64: 国务院 | L64: 国家局 | N64: 999 | O64: 999 | Q64: 32
A65: #REF! | B65: 101 | C65: #REF! | D65: #VALUE! | E65: 10064 | F65: 国家粮食和物资储备局 | G65: http://www.lswz.gov.cn/ | I65: http://www.lswz.gov.cn/html/xhtml/images/favicon.ico | J65: 政府 | K65: 国务院 | L65: 国家局 | N65: 999 | Q65: 16
A66: #REF! | B66: 101 | C66: #REF! | D66: #VALUE! | E66: 10065 | F66: 国家能源局 | G66: http://www.nea.gov.cn/ | I66: https://www.google.com/s2/favicons?domain=http://www.nea.gov.cn/ | J66: 政府 | K66: 国务院 | L66: 国家局 | N66: 999
A67: #REF! | B67: 101 | C67: #REF! | D67: #VALUE! | E67: 10066 | F67: 国家国防科技工业局 | G67: http://www.sastind.gov.cn/ | I67: https://www.google.com/s2/favicons?domain=http://www.sastind.gov.cn/ | J67: 政府 | K67: 国务院 | L67: 国家局 | N67: 999
A68: #REF! | B68: 101 | C68: #REF! | D68: #VALUE! | E68: 10067 | F68: 国家烟草专卖局 | G68: http://www.tobacco.gov.cn/gjyc/index.shtml | I68: https://www.google.com/s2/favicons?domain=http://www.tobacco.gov.cn/gjyc/index.shtml | J68: 政府 | K68: 国务院 | L68: 国家局 | N68: 999
A69: #REF! | B69: 101 | C69: #REF! | D69: #VALUE! | E69: 10068 | F69: 国家移民管理局 | G69: https://www.nia.gov.cn/ | I69: https://www.nia.gov.cn/titlepic/new-guohui.ico | J69: 政府 | K69: 国务院 | L69: 国家局 | N69: 999 | O69: 999 | Q69: 1024
A70: #REF! | B70: 101 | C70: #REF! | D70: #VALUE! | E70: 10069 | F70: 国家林业和草原局 | G70: http://www.forestry.gov.cn/ | I70: http://www.forestry.gov.cn/favicon.ico | J70: 政府 | K70: 国务院 | L70: 国家局 | N70: 999 | Q70: 53
A71: #REF! | B71: 101 | C71: #REF! | D71: #VALUE! | E71: 10070 | F71: (国家公园管理局) | G71: http://www.forestry.gov.cn/ | I71: http://www.forestry.gov.cn/favicon.ico | J71: 政府 | K71: 国务院 | L71: 国家局 | N71: 999 | Q71: 53
A72: #REF! | B72: 101 | C72: #REF! | D72: #VALUE! | E72: 10071 | F72: 国家铁路局 | G72: http://www.nra.gov.cn/ | I72: https://www.google.com/s2/favicons?domain=http://www.nra.gov.cn/ | J72: 政府 | K72: 国务院 | L72: 国家局 | N72: 999
A73: #REF! | B73: 101 | C73: #REF! | D73: #VALUE! | E73: 10072 | F73: 中国民用航空局 | G73: http://www.caac.gov.cn/index.html | I73: http://www.caac.gov.cn/images/favicon.png | J73: 政府 | K73: 国务院 | L73: 国家局 | N73: 999 | Q73: 197
A74: #REF! | B74: 101 | C74: #REF! | D74: #VALUE! | E74: 10073 | F74: 国家邮政局 | G74: http://www.spb.gov.cn/ | I74: https://www.google.com/s2/favicons?domain=http://www.spb.gov.cn/ | J74: 政府 | K74: 国务院 | L74: 国家局 | N74: 999
A75: #REF! | B75: 101 | C75: #REF! | D75: #VALUE! | E75: 10074 | F75: 国家文物局 | G75: http://www.ncha.gov.cn/ | I75: https://www.google.com/s2/favicons?domain=http://www.ncha.gov.cn/ | J75: 政府 | K75: 国务院 | L75: 国家局 | N75: 999
A76: #REF! | B76: 101 | C76: #REF! | D76: #VALUE! | E76: 10075 | F76: 国家中医药管理局 | G76: http://www.satcm.gov.cn/ | I76: http://www.satcm.gov.cn/favicon.ico | J76: 政府 | K76: 国务院 | L76: 国家局 | N76: 999 | Q76: 256
A77: #REF! | B77: 101 | C77: #REF! | D77: #VALUE! | E77: 10076 | F77: 国家矿山安全监察局 | G77: http://www.chinacoal-safety.gov.cn/ | J77: 政府 | K77: 国务院 | L77: 国家局 | N77: 999
A78: #REF! | B78: 101 | C78: #REF! | D78: #VALUE! | E78: 10077 | F78: 国家外汇管理局 | G78: http://www.safe.gov.cn/ | I78: http://www.safe.gov.cn/safe/templateresource/372b1dfdab204181b9b4f943a8e926a6/images/safe.ico | J78: 政府 | K78: 国务院 | L78: 国家局 | N78: 999 | Q78: 32
A79: #REF! | B79: 101 | C79: #REF! | D79: #VALUE! | E79: 10078 | F79: 国家药品监督管理局 | G79: https://www.nmpa.gov.cn/ | I79: https://www.nmpa.gov.cn/wbppimages/favicon.ico | J79: 政府 | K79: 国务院 | L79: 国家局 | N79: 999 | O79: 999 | Q79: 16
A80: #REF! | B80: 101 | C80: #REF! | D80: #VALUE! | E80: 10079 | F80: 国家知识产权局 | G80: https://www.cnipa.gov.cn/ | I80: https://www.cnipa.gov.cn/favicon.ico | J80: 政府 | K80: 国务院 | L80: 国家局 | N80: 999 | O80: 999 | Q80: 128
A81: #REF! | B81: 101 | C81: #REF! | D81: #VALUE! | E81: 10080 | F81: 国家档案局 | G81: https://www.saac.gov.cn/ | I81: https://www.google.com/s2/favicons?domain=https://www.saac.gov.cn/ | J81: 政府 | K81: 国务院 | L81: 国家局 | N81: 999
A82: #REF! | B82: 101 | C82: #REF! | D82: #VALUE! | E82: 10081 | F82: 国家保密局 | G82: http://www.gjbmj.gov.cn/ | I82: https://www.google.com/s2/favicons?domain=http://www.gjbmj.gov.cn/ | J82: 政府 | K82: 国务院 | L82: 国家局 | N82: 999
A83: #REF! | B83: 101 | C83: #REF! | D83: #VALUE! | E83: 10082 | F83: 国家密码管理局 | G83: https://www.oscca.gov.cn/ | I83: https://www.google.com/s2/favicons?domain=https://www.oscca.gov.cn/ | J83: 政府 | K83: 国务院 | L83: 国家局 | N83: 999
A84: #REF! | B84: 101 | C84: #REF! | D84: #VALUE! | E84: 10083 | F84: 香港中联办 | G84: http://www.locpg.hk/ | H84: 中央人民政府驻香港特别行政区联络办公室 | I84: http://www.locpg.hk/favicon.ico | J84: 政府 | K84: 国务院 | L84: 派出机构 | N84: 999 | Q84: 32
A85: #REF! | B85: 101 | C85: #REF! | D85: #VALUE! | E85: 10084 | F85: 澳门中联办 | G85: http://www.zlb.gov.cn/ | H85: 中央人民政府驻澳门特别行政区联络办公室 | J85: 政府 | K85: 国务院 | L85: 派出机构 | N85: 999
A86: #REF! | B86: 101 | C86: #REF! | D86: #VALUE! | E86: 10085 | F86: 中央驻港国家安全公署 | H86: 中央人民政府驻香港特别行政区维护国家安全公署 | J86: 政府 | K86: 国务院 | L86: 派出机构
A87: #REF! | B87: 102 | C87: #REF! | D87: 300 | E87: 10001 | F87: 中国政协网 | G87: http://www.cppcc.gov.cn/ | I87: http://www.cppcc.gov.cn/image/favicon.ico | J87: 政协 | K87: 1 | L87: 1 | N87: 999 | Q87: 16
A88: #REF! | B88: 102 | C88: #REF! | D88: 300 | E88: 10002 | F88: 北京市政协 | G88: http://www.bjzx.gov.cn/ | I88: http://test1.ttde.cn/bjzx/m/image/favicon.ico | J88: 政协 | K88: 北京市 | L88: 1 | N88: 999 | Q88: 25
A89: #REF! | B89: 102 | C89: #REF! | D89: 300 | E89: 10003 | F89: 天津市政协 | G89: http://www.tjszx.gov.cn/ | I89: https://www.google.com/s2/favicons?domain=http://www.tjszx.gov.cn/ | J89: 政协 | K89: 天津市 | L89: 1 | N89: 999
A90: #REF! | B90: 102 | C90: #REF! | D90: 300 | E90: 10004 | F90: 上海市政协 | G90: http://www.shszx.gov.cn/ | I90: https://www.google.com/s2/favicons?domain=http://www.shszx.gov.cn/ | J90: 政协 | K90: 上海市 | L90: 1 | N90: 999
A91: #REF! | B91: 102 | C91: #REF! | D91: 300 | E91: 10005 | F91: 重庆市政协 | G91: http://www.cqzx.gov.cn/ | I91: https://www.google.com/s2/favicons?domain=http://www.cqzx.gov.cn/ | J91: 政协 | K91: 重庆市 | L91: 1 | N91: 999
A92: #REF! | B92: 102 | C92: #REF! | D92: 300 | E92: 10006 | F92: 广西壮族自治区政协 | G92: http://www.gxzx.gov.cn/ | I92: http://www.gxzx.gov.cn/favicon.ico | J92: 政协 | K92: 广西壮族自治区 | L92: 1 | N92: 999 | Q92: 241
A93: #REF! | B93: 102 | C93: #REF! | D93: 300 | E93: 10007 | F93: 内蒙古自治区政协 | G93: http://www.nmgzx.gov.cn/webpage/homepage/index.html | I93: http://www.nmgzx.gov.cn/favicon.ico | J93: 政协 | K93: 内蒙古自治区 | L93: 1 | N93: 999 | O93: 999 | Q93: 268
A94: #REF! | B94: 102 | C94: #REF! | D94: 300 | E94: 10008 | F94: 宁夏回族自治区政协 | G94: http://www.nxzx.gov.cn/ | I94: https://www.google.com/s2/favicons?domain=http://www.nxzx.gov.cn/ | J94: 政协 | K94: 宁夏回族自治区 | L94: 1 | N94: 999
A95: #REF! | B95: 102 | C95: #REF! | D95: 300 | E95: 10009 | F95: 西藏自治区政协 | G95: http://www.xizangzx.gov.cn/ | I95: http://www.xizangzx.gov.cn/images/favicon.ico | J95: 政协 | K95: 西藏自治区 | L95: 1 | N95: 999 | Q95: 16
A96: #REF! | B96: 102 | C96: #REF! | D96: 300 | E96: 10010 | F96: 新疆维吾尔自治区政协 | G96: http://www.xjzx.gov.cn/ | I96: https://www.google.com/s2/favicons?domain=http://www.xjzx.gov.cn/ | J96: 政协 | K96: 新疆维吾尔自治区 | L96: 1 | N96: 999
A97: #REF! | B97: 102 | C97: #REF! | D97: 300 | E97: 10011 | F97: 安徽省政协 | G97: http://www.ahzx.gov.cn/ | I97: https://www.google.com/s2/favicons?domain=http://www.ahzx.gov.cn/ | J97: 政协 | K97: 安徽省 | L97: 1 | N97: 999
A98: #REF! | B98: 102 | C98: #REF! | D98: 300 | E98: 10012 | F98: 福建省政协 | G98: http://www.fjzx.gov.cn/ | I98: http://www.fjzx.gov.cn/r/cms/www/fjszxmhwz/image/favicon.ico | J98: 政协 | K98: 福建省 | L98: 1 | N98: 999 | Q98: 25
A99: #REF! | B99: 102 | C99: #REF! | D99: 300 | E99: 10013 | F99: 甘肃省政协 | G99: http://www.gszx.gov.cn/ | I99: http://www.gszx.gov.cn/favicon.ico | J99: 政协 | K99: 甘肃省 | L99: 1 | N99: 999 | Q99: 32
A100: #REF! | B100: 102 | C100: #REF! | D100: 300 | E100: 10014 | F100: 广东省政协 | G100: http://www.gdzxb.gov.cn/ | I100: http://www.gdzxb.gov.cn/favicon.ico | J100: 政协 | K100: 广东省 | L100: 1 | N100: 999 | Q100: 32
...

Sheet 首次要关键词
A1: 首要关键词 | B1: 排序 | C1: 次要关键词数量 | D1: 1 | E1: 2 | F1: 3 | G1: 4 | H1: 5 | I1: 6 | J1: 7 | K1: 列1 | L1: 列2 | M1: 列3 | N1: 列4 | O1: 列5 | P1: 列6 | Q1: 列7 | R1: 列8 | S1: 列9 | T1: 列10 | U1: 列11 | V1: 列12 | W1: 列13 | X1: 列14 | Y1: 列15 | Z1: 列16 | AA1: 列17 | AB1: 列18 | AC1: 列19 | AD1: 列20 | AE1: 列21 | AF1: 列22 | AG1: 列23 | AH1: 列24
A2: 政府 | B2: 101 | C2: =COUNTIF(表_首次要关键词[[#This Row],[1]:[列24]],"<>") -> 1 | D2: 国务院
A3: 政协 | B3: =B2+1 -> 102 | C3: =COUNTIF(表_首次要关键词[[#This Row],[1]:[列24]],"<>") -> 31 | D3: 北京市 | E3: 天津市 | F3: 上海市 | G3: 重庆市 | H3: 广西壮族自治区 | I3: 内蒙古自治区 | J3: 宁夏回族自治区 | K3: 西藏自治区 | L3: 新疆维吾尔自治区 | M3: 安徽省 | N3: 福建省 | O3: 甘肃省 | P3: 广东省 | Q3: 贵州省 | R3: 海南省 | S3: 河北省 | T3: 河南省 | U3: 黑龙江省 | V3: 湖北省 | W3: 湖南省 | X3: 吉林省 | Y3: 江苏省 | Z3: 江西省 | AA3: 辽宁省 | AB3: 青海省 | AC3: 山东省 | AD3: 山西省 | AE3: 陕西省 | AF3: 四川省 | AG3: 云南省 | AH3: 浙江省
A4: 媒体 | B4: =B3+10 -> 112 | C4: =COUNTIF(表_首次要关键词[[#This Row],[1]:[列24]],"<>") -> 1 | D4: 中央媒体
A5: 搜索引擎 | B5: 201 | C5: =COUNTIF(表_首次要关键词[[#This Row],[1]:[列24]],"<>") -> 5 | D5: 图片 | E5: 文档 | F5: 百度云盘 | G5: 图书 | H5: 音乐
A6: 网址导航 | B6: =B5+1 -> 202 | C6: =COUNTIF(表_首次要关键词[[#This Row],[1]:[列24]],"<>") -> 0
A7: 门户网站 | B7: =B6+1 -> 203 | C7: =COUNTIF(表_首次要关键词[[#This Row],[1]:[列24]],"<>") -> 0
A8: 新闻 | B8: =B7+1 -> 204 | C8: =COUNTIF(表_首次要关键词[[#This Row],[1]:[列24]],"<>") -> 0
A9: 直播 | B9: 251 | C9: =COUNTIF(表_首次要关键词[[#This Row],[1]:[列24]],"<>") -> 1 | D9: 网络电视
A10: 视频 | B10: =B9+1 -> 252 | C10: =COUNTIF(表_首次要关键词[[#This Row],[1]:[列24]],"<>") -> 0
A11: 音乐 | B11: =B10+1 -> 253 | C11: =COUNTIF(表_首次要关键词[[#This Row],[1]:[列24]],"<>") -> 0
A12: 银行机构 | B12: 301 | C12: =COUNTIF(表_首次要关键词[[#This Row],[1]:[列24]],"<>") -> 5 | D12: 央行 | E12: 政策 | F12: 邮储 | G12: 国有 | H12: 其他
A13: 保险机构 | B13: =B12+1 -> 302 | C13: =COUNTIF(表_首次要关键词[[#This Row],[1]:[列24]],"<>") -> 0
A14: 证券机构 | B14: =B13+1 -> 303 | C14: =COUNTIF(表_首次要关键词[[#This Row],[1]:[列24]],"<>") -> 0
A15: 数字图书馆 | B15: 601 | C15: =COUNTIF(表_首次要关键词[[#This Row],[1]:[列24]],"<>") -> 17 | D15: 北碚图书馆 | E15: 湖北省图书馆 | F15: 湖州市图书馆 | G15: 阆中市图书馆 | H15: 南京图书馆 | I15: 内江师范学院图书馆 | J15: 日本国会图书馆 | K15: 上海图书馆 | L15: 首都图书馆 | M15: 台湾大学台湾历史数位图书馆 | N15: 唐河图书馆 | O15: 英国剑桥大学图书馆 | P15: 云南省图书馆 | Q15: 枣庄市图书馆 | R15: 新加坡国家图书馆 | S15: 山东大学图书馆 | T15: 旧报纸
A16: 数字博物馆 | B16: =B15+1 -> 602 | C16: =COUNTIF(表_首次要关键词[[#This Row],[1]:[列24]],"<>") -> 1 | D16: 天一阁博物馆
A17: 字典 | B17: =B16+1 -> 603 | C17: =COUNTIF(表_首次要关键词[[#This Row],[1]:[列24]],"<>") -> 0
A18: 词典 | B18: =B17+1 -> 604 | C18: =COUNTIF(表_首次要关键词[[#This Row],[1]:[列24]],"<>") -> 0
A19: 古籍 | B19: =B18+1 -> 605 | C19: =COUNTIF(表_首次要关键词[[#This Row],[1]:[列24]],"<>") -> 3 | D19: 搜韵网 | E19: 山东大学图书馆 | F19: 整理文章
A20: Google | B20: 801 | C20: =COUNTIF(表_首次要关键词[[#This Row],[1]:[列24]],"<>") -> 0
A21: 百度 | B21: =B20+1 -> 802 | C21: =COUNTIF(表_首次要关键词[[#This Row],[1]:[列24]],"<>") -> 0
A22: 网易 | B22: =B21+1 -> 803 | C22: =COUNTIF(表_首次要关键词[[#This Row],[1]:[列24]],"<>") -> 0
A23: 网购平台 | B23: 900 | C23: =COUNTIF(表_首次要关键词[[#This Row],[1]:[列24]],"<>") -> 0
A24: 邮箱 | B24: =B23+1 -> 901 | C24: =COUNTIF(表_首次要关键词[[#This Row],[1]:[列24]],"<>") -> 0
A25: 图片 | B25: =B24+1 -> 902 | C25: =COUNTIF(表_首次要关键词[[#This Row],[1]:[列24]],"<>") -> 4 | D25: 壁纸 | E25: 素材 | F25: 图标 | G25: API
A26: 云服务 | B26: =B25+1 -> 903 | C26: =COUNTIF(表_首次要关键词[[#This Row],[1]:[列24]],"<>") -> 0
A27: 在线教育 | B27: =B26+1 -> 904 | C27: =COUNTIF(表_首次要关键词[[#This Row],[1]:[列24]],"<>") -> 0
A28: 社区 | B28: =B27+1 -> 905 | C28: =COUNTIF(表_首次要关键词[[#This Row],[1]:[列24]],"<>") -> 0
A29: 评测 | B29: =B28+1 -> 906 | C29: =COUNTIF(表_首次要关键词[[#This Row],[1]:[列24]],"<>") -> 0
A30: 人力资源 | B30: =B29+1 -> 907 | C30: =COUNTIF(表_首次要关键词[[#This Row],[1]:[列24]],"<>") -> 0
A31: 游戏 | B31: =B30+1 -> 908 | C31: =COUNTIF(表_首次要关键词[[#This Row],[1]:[列24]],"<>") -> 3 | D31: 未区分 | E31: 小游戏 | F31: 单机游戏
A32: 初录未归挡 | B32: 991 | C32: =COUNTIF(表_首次要关键词[[#This Row],[1]:[列24]],"<>") -> 4 | D32: 未区分 | E32: 古籍 | F32: 个人站点 | G32: freepik公司
A33: 初录未归挡1 | B33: =B32+1 -> 992 | C33: =COUNTIF(表_首次要关键词[[#This Row],[1]:[列24]],"<>") -> 1 | D33: 民主党派

Sheet 重点关键词
A1: =VLOOKUP("政府",表_首次要关键词[[#All],[首要关键词]:[排序]],2,0)&"_政府" -> 101_政府 | B1: 国务院
A2: =A1 -> 101_政府 | B2: =COUNTIFS(B3:B50,"<>") -> 7 | C2: =COUNTIFS(C3:C50,"<>") -> 0 | D2: =COUNTIFS(D3:D50,"<>") -> 0 | E2: =COUNTIFS(E3:E50,"<>") -> 0 | F2: =COUNTIFS(F3:F50,"<>") -> 0 | G2: =COUNTIFS(G3:G50,"<>") -> 0 | H2: =COUNTIFS(H3:H50,"<>") -> 0 | I2: =COUNTIFS(I3:I50,"<>") -> 0 | ... AK2: =COUNTIFS(AK3:AK50,"<>") -> 0
A3: =A2 -> 101_政府 | B3: 组成部门
A4: =A3 -> 101_政府 | B4: 直属特设机构
A5: =A4 -> 101_政府 | B5: 直属机构
A6: =A5 -> 101_政府 | B6: 办事机构
A7: =A6 -> 101_政府 | B7: 直属事业单位
A8: =A7 -> 101_政府 | B8: 国家局
A9: =A8 -> 101_政府 | B9: 派出机构
A10: =A9 -> 101_政府
A11: =A10 -> 101_政府
A12: =A11 -> 101_政府
A13: =A12 -> 101_政府
A14: =A13 -> 101_政府
A15: =A14 -> 101_政府
A16: =A15 -> 101_政府
A17: =A16 -> 101_政府
A18: =A17 -> 101_政府
A19: =A18 -> 101_政府
A20: =A19 -> 101_政府
A21: =A20 -> 101_政府
... A50: =A49 -> 101_政府
A51: =VLOOKUP("政协",表_首次要关键词[[#All],[首要关键词]:[排序]],2,0)&"_政协" -> 102_政协 | B51: 北京市 | C51: 天津市 | D51: 上海市 | E51: 重庆市 | F51: 广西壮族自治区 | G51: 内蒙古自治区 | H51: 宁夏回族自治区 | I51: 西藏自治区 | J51: 新疆维吾尔自治区 | K51: 安徽省 | L51: 福建省 | M51: 甘肃省 | N51: 广东省 | O51: 贵州省 | P51: 海南省 | Q51: 河北省 | R51: 河南省 | S51: 黑龙江省 | T51: 湖北省 | U51: 湖南省 | V51: 吉林省 | W51: 江苏省 | X51: 江西省 | Y51: 辽宁省 | Z51: 青海省 | AA51: 山东省 | AB51: 山西省 | AC51: 陕西省 | AD51: 四川省 | AE51: 云南省 | AF51: 浙江省
A52: =A51 -> 102_政协 | B52: =COUNTIFS(B53:B99,"<>") -> 0 | C52: =COUNTIFS(C53:C99,"<>") -> 0 | D52: =COUNTIFS(D53:D99,"<>") -> 0 | E52: =COUNTIFS(E53:E99,"<>") -> 0 | F52: =COUNTIFS(F53:F99,"<>") -> 0 | G52: =COUNTIFS(G53:G99,"<>") -> 0 | H52: =COUNTIFS(H53:H99,"<>") -> 0 | I52: =COUNTIFS(I53:I99,"<>") -> 0 | ... AK52: =COUNTIFS(AK53:AK99,"<>") -> 0
A53: =A52 -> 102_政协 | N53: 广州市 | S53: 哈尔滨市 | T53: 武汉市
A54: =A53 -> 102_政协 | N54: 深圳市
A55: =A54 -> 102_政协 | N55: 珠海市
A56: =A55 -> 102_政协 | N56: 汕头市
A57: =A56 -> 102_政协 | N57: 佛山市
A58: =A57 -> 102_政协 | N58: 韶关市
A59: =A58 -> 102_政协 | N59: 河源市
A60: =A59 -> 102_政协 | N60: 梅州市
A61: =A60 -> 102_政协 | N61: 惠州市
A62: =A61 -> 102_政协 | N62: 汕尾市
A63: =A62 -> 102_政协 | N63: 东莞市
A64: =A63 -> 102_政协 | N64: 中山市
A65: =A64 -> 102_政协 | N65: 江门市
... A72: =A71 -> 102_政协 | N72: 云浮市
A73: =A72 -> 102_政协
A74: =A73 -> 102_政协
A75: =A74 -> 102_政协
A76: =A75 -> 102_政协
A77: =A76 -> 102_政协
A78: =A77 -> 102_政协
A79: =A78 -> 102_政协
A80: =A79 -> 102_政协
A81: =A80 -> 102_政协
A82: =A81 -> 102_政协
A83: =A82 -> 102_政协
A84: =A83 -> 102_政协
... A100: =A99 -> 102_政协
A101: =VLOOKUP("媒体",表_首次要关键词[[#All],[首要关键词]:[排序]],2,0)&"_媒体" -> 112_媒体 | B101: 中央媒体
A102: =A101 -> 112_媒体 | B102: =COUNTIFS(B103:B149,"<>") -> 0 | C102: =COUNTIFS(C103:C149,"<>") -> 0 | D102: =COUNTIFS(D103:D149,"<>") -> 0 | E102: =COUNTIFS(E103:E149,"<>") -> 0 | F102: =COUNTIFS(F103:F149,"<>") -> 0 | G102: =COUNTIFS(G103:G149,"<>") -> 0 | H102: =COUNTIFS(H103:H149,"<>") -> 0 | I102: =COUNTIFS(I103:I149,"<>") -> 0 | ... AK102: =COUNTIFS(AK103:AK149,"<>") -> 0
A103: =A102 -> 112_媒体
A104: =A103 -> 112_媒体
A105: =A104 -> 112_媒体
A106: =A105 -> 112_媒体
A107: =A106 -> 112_媒体
A108: =A107 -> 112_媒体
A109: =A108 -> 112_媒体
A110: =A109 -> 112_媒体
A111: =A110 -> 112_媒体
A112: =A111 -> 112_媒体
A113: =A112 -> 112_媒体
A114: =A113 -> 112_媒体
... A150: =A149 -> 112_媒体
A151: =VLOOKUP("搜索引擎",表_首次要关键词[[#All],[首要关键词]:[排序]],2,0)&"_搜索引擎" -> 201_搜索引擎
A152: =A151 -> 201_搜索引擎 | B152: =COUNTIFS(B153:B199,"<>") -> 0 | C152: =COUNTIFS(C153:C199,"<>") -> 0 | D152: =COUNTIFS(D153:D199,"<>") -> 0 | E152: =COUNTIFS(E153:E199,"<>") -> 0 | F152: =COUNTIFS(F153:F199,"<>") -> 0 | G152: =COUNTIFS(G153:G199,"<>") -> 0 | H152: =COUNTIFS(H153:H199,"<>") -> 0 | I152: =COUNTIFS(I153:I199,"<>") -> 0 | ... AK152: =COUNTIFS(AK153:AK199,"<>") -> 0
A153: =A152 -> 201_搜索引擎
A154: =A153 -> 201_搜索引擎
A155: =A154 -> 201_搜索引擎
A156: =A155 -> 201_搜索引擎
A157: =A156 -> 201_搜索引擎
A158: =A157 -> 201_搜索引擎
A159: =A158 -> 201_搜索引擎
A160: =A159 -> 201_搜索引擎
A161: =A160 -> 201_搜索引擎
A162: =A161 -> 201_搜索引擎
A163: =A162 -> 201_搜索引擎
A164: =A163 -> 201_搜索引擎
... A200: =A199 -> 201_搜索引擎
A201: =VLOOKUP("网址导航",表_首次要关键词[[#All],[首要关键词]:[排序]],2,0)&"_网址导航" -> 202_网址导航
A202: =A201 -> 202_网址导航 | B202: =COUNTIFS(B203:B249,"<>") -> 0 | C202: =COUNTIFS(C203:C249,"<>") -> 0 | D202: =COUNTIFS(D203:D249,"<>") -> 0 | E202: =COUNTIFS(E203:E249,"<>") -> 0 | F202: =COUNTIFS(F203:F249,"<>") -> 0 | G202: =COUNTIFS(G203:G249,"<>") -> 0 | H202: =COUNTIFS(H203:H249,"<>") -> 0 | I202: =COUNTIFS(I203:I249,"<>") -> 0 | ... AK202: =COUNTIFS(AK203:AK249,"<>") -> 0
A203: =A202 -> 202_网址导航
A204: =A203 -> 202_网址导航
A205: =A204 -> 202_网址导航
A206: =A205 -> 202_网址导航
A207: =A206 -> 202_网址导航
A208: =A207 -> 202_网址导航
A209: =A208 -> 202_网址导航
A210: =A209 -> 202_网址导航
A211: =A210 -> 202_网址导航
A212: =A211 -> 202_网址导航
A213: =A212 -> 202_网址导航
A214: =A213 -> 202_网址导航
... A250: =A249 -> 202_网址导航
A251: =VLOOKUP("门户网站",表_首次要关键词[[#All],[首要关键词]:[排序]],2,0)&"_门户网站" -> 203_门户网站
A252: =A251 -> 203_门户网站 | B252: =COUNTIFS(B253:B299,"<>") -> 0 | C252: =COUNTIFS(C253:C299,"<>") -> 0 | D252: =COUNTIFS(D253:D299,"<>") -> 0 | E252: =COUNTIFS(E253:E299,"<>") -> 0 | F252: =COUNTIFS(F253:F299,"<>") -> 0 | G252: =COUNTIFS(G253:G299,"<>") -> 0 | H252: =COUNTIFS(H253:H299,"<>") -> 0 | I252: =COUNTIFS(I253:I299,"<>") -> 0 | ... AK252: =COUNTIFS(AK253:AK299,"<>") -> 0
A253: =A252 -> 203_门户网站
A254: =A253 -> 203_门户网站
...
